{
  "type": "FeatureCollection",
  "features": [
    {
      "type": "Feature",
      "geometry": {
        "type": "Point",
        "coordinates": [
          84.7,
          42.0
        ]
      },
      "properties": {
        "id": "high_001",
        "feature_type": "high",
        "label": "H",
        "level": "mslp",
        "value": 1023.99,
        "unit": "hPa",
        "confidence": 0.98,
        "closed_contour_count": 7,
        "outer_closed_contour_hpa": 1016.94,
        "pressure_difference_hpa": 7.0,
        "closed_area_grid_points": 1156,
        "evidence": [
          "局地气压极值明显且不贴近资料边界",
          "中心值相对周边差异约 0.7 hPa",
          "存在 7 圈闭合等压线，最外圈约 1016.94 hPa",
          "中心到最外闭合等压线差值约 7.0 hPa"
        ]
      }
    },
    {
      "type": "Feature",
      "geometry": {
        "type": "Point",
        "coordinates": [
          111.3,
          34.0
        ]
      },
      "properties": {
        "id": "low_001",
        "feature_type": "low",
        "label": "L",
        "level": "mslp",
        "value": 1002.32,
        "unit": "hPa",
        "confidence": 0.98,
        "closed_contour_count": 8,
        "outer_closed_contour_hpa": 1010.42,
        "pressure_difference_hpa": 8.0,
        "closed_area_grid_points": 979,
        "evidence": [
          "局地气压极值明显且不贴近资料边界",
          "中心值相对周边差异约 1.3 hPa",
          "存在 8 圈闭合等压线，最外圈约 1010.42 hPa",
          "中心到最外闭合等压线差值约 8.0 hPa"
        ]
      }
    },
    {
      "type": "Feature",
      "geometry": {
        "type": "Polygon",
        "coordinates": [
          [
            [
              69.65,
              22.75
            ],
            [
              69.65,
              23.25
            ],
            [
              69.65,
              23.75
            ],
            [
              69.65,
              24.25
            ],
            [
              69.65,
              24.75
            ],
            [
              69.65,
              25.25
            ],
            [
              69.65,
              25.75
            ],
            [
              69.65,
              26.25
            ],
            [
              69.65,
              26.75
            ],
            [
              69.65,
              27.25
            ],
            [
              70.35,
              27.25
            ],
            [
              71.05000000000001,
              27.25
            ],
            [
              71.75,
              27.25
            ],
            [
              72.44999999999999,
              27.25
            ],
            [
              73.15,
              27.25
            ],
            [
              73.85,
              27.25
            ],
            [
              74.55000000000001,
              27.25
            ],
            [
              75.25,
              27.25
            ],
            [
              75.94999999999999,
              27.25
            ],
            [
              76.65,
              27.25
            ],
            [
              77.35,
              27.25
            ],
            [
              78.05000000000001,
              27.25
            ],
            [
              78.75,
              27.25
            ],
            [
              79.44999999999999,
              27.25
            ],
            [
              80.15,
              27.25
            ],
            [
              80.85,
              27.25
            ],
            [
              81.55000000000001,
              27.25
            ],
            [
              82.25,
              27.25
            ],
            [
              82.94999999999999,
              27.25
            ],
            [
              83.65,
              27.25
            ],
            [
              84.35,
              27.25
            ],
            [
              85.05000000000001,
              27.25
            ],
            [
              85.75,
              27.25
            ],
            [
              86.44999999999999,
              27.25
            ],
            [
              87.15,
              27.25
            ],
            [
              87.85,
              27.25
            ],
            [
              88.55000000000001,
              27.25
            ],
            [
              88.55000000000001,
              27.75
            ],
            [
              89.25,
              27.75
            ],
            [
              89.94999999999999,
              27.75
            ],
            [
              89.94999999999999,
              27.25
            ],
            [
              90.65,
              27.25
            ],
            [
              91.35,
              27.25
            ],
            [
              92.05000000000001,
              27.25
            ],
            [
              92.75,
              27.25
            ],
            [
              93.44999999999999,
              27.25
            ],
            [
              94.15,
              27.25
            ],
            [
              94.85,
              27.25
            ],
            [
              95.55000000000001,
              27.25
            ],
            [
              96.25,
              27.25
            ],
            [
              96.94999999999999,
              27.25
            ],
            [
              97.65,
              27.25
            ],
            [
              97.65,
              26.75
            ],
            [
              98.35,
              26.75
            ],
            [
              99.05000000000001,
              26.75
            ],
            [
              99.75,
              26.75
            ],
            [
              100.44999999999999,
              26.75
            ],
            [
              100.44999999999999,
              26.25
            ],
            [
              101.15,
              26.25
            ],
            [
              101.85,
              26.25
            ],
            [
              102.55,
              26.25
            ],
            [
              102.55,
              25.75
            ],
            [
              103.25,
              25.75
            ],
            [
              103.94999999999999,
              25.75
            ],
            [
              104.65,
              25.75
            ],
            [
              105.35,
              25.75
            ],
            [
              105.35,
              25.25
            ],
            [
              106.05,
              25.25
            ],
            [
              106.75,
              25.25
            ],
            [
              107.44999999999999,
              25.25
            ],
            [
              108.15,
              25.25
            ],
            [
              108.85,
              25.25
            ],
            [
              109.55,
              25.25
            ],
            [
              109.55,
              24.75
            ],
            [
              110.25,
              24.75
            ],
            [
              110.94999999999999,
              24.75
            ],
            [
              111.65,
              24.75
            ],
            [
              111.65,
              25.25
            ],
            [
              112.35,
              25.25
            ],
            [
              113.05,
              25.25
            ],
            [
              113.75,
              25.25
            ],
            [
              114.44999999999999,
              25.25
            ],
            [
              115.15,
              25.25
            ],
            [
              115.85,
              25.25
            ],
            [
              115.85,
              25.75
            ],
            [
              116.55,
              25.75
            ],
            [
              117.25,
              25.75
            ],
            [
              117.94999999999999,
              25.75
            ],
            [
              117.94999999999999,
              26.25
            ],
            [
              118.65,
              26.25
            ],
            [
              119.35,
              26.25
            ],
            [
              120.05,
              26.25
            ],
            [
              120.05,
              26.75
            ],
            [
              120.75,
              26.75
            ],
            [
              121.44999999999999,
              26.75
            ],
            [
              122.15,
              26.75
            ],
            [
              122.15,
              27.25
            ],
            [
              122.85,
              27.25
            ],
            [
              123.55,
              27.25
            ],
            [
              124.25,
              27.25
            ],
            [
              124.25,
              27.75
            ],
            [
              124.94999999999999,
              27.75
            ],
            [
              125.65,
              27.75
            ],
            [
              126.35,
              27.75
            ],
            [
              127.05,
              27.75
            ],
            [
              127.75,
              27.75
            ],
            [
              127.75,
              28.25
            ],
            [
              128.45,
              28.25
            ],
            [
              129.15,
              28.25
            ],
            [
              129.85,
              28.25
            ],
            [
              130.55,
              28.25
            ],
            [
              131.25,
              28.25
            ],
            [
              131.95,
              28.25
            ],
            [
              132.65,
              28.25
            ],
            [
              133.35,
              28.25
            ],
            [
              134.04999999999998,
              28.25
            ],
            [
              134.75,
              28.25
            ],
            [
              135.45,
              28.25
            ],
            [
              136.15,
              28.25
            ],
            [
              136.15,
              28.75
            ],
            [
              136.85,
              28.75
            ],
            [
              137.54999999999998,
              28.75
            ],
            [
              138.25,
              28.75
            ],
            [
              138.95,
              28.75
            ],
            [
              139.65,
              28.75
            ],
            [
              140.35,
              28.75
            ],
            [
              140.35,
              28.25
            ],
            [
              140.35,
              27.75
            ],
            [
              140.35,
              27.25
            ],
            [
              140.35,
              26.75
            ],
            [
              140.35,
              26.25
            ],
            [
              140.35,
              25.75
            ],
            [
              140.35,
              25.25
            ],
            [
              140.35,
              24.75
            ],
            [
              140.35,
              24.25
            ],
            [
              140.35,
              23.75
            ],
            [
              140.35,
              23.25
            ],
            [
              140.35,
              22.75
            ],
            [
              140.35,
              22.25
            ],
            [
              140.35,
              21.75
            ],
            [
              140.35,
              21.25
            ],
            [
              140.35,
              20.75
            ],
            [
              140.35,
              20.25
            ],
            [
              140.35,
              19.75
            ],
            [
              140.35,
              19.25
            ],
            [
              139.65,
              19.25
            ],
            [
              138.95,
              19.25
            ],
            [
              138.25,
              19.25
            ],
            [
              137.54999999999998,
              19.25
            ],
            [
              136.85,
              19.25
            ],
            [
              136.15,
              19.25
            ],
            [
              135.45,
              19.25
            ],
            [
              135.45,
              19.75
            ],
            [
              134.75,
              19.75
            ],
            [
              134.04999999999998,
              19.75
            ],
            [
              133.35,
              19.75
            ],
            [
              132.65,
              19.75
            ],
            [
              131.95,
              19.75
            ],
            [
              131.25,
              19.75
            ],
            [
              130.55,
              19.75
            ],
            [
              129.85,
              19.75
            ],
            [
              129.15,
              19.75
            ],
            [
              128.45,
              19.75
            ],
            [
              127.75,
              19.75
            ],
            [
              127.05,
              19.75
            ],
            [
              126.35,
              19.75
            ],
            [
              125.65,
              19.75
            ],
            [
              124.94999999999999,
              19.75
            ],
            [
              124.25,
              19.75
            ],
            [
              123.55,
              19.75
            ],
            [
              122.85,
              19.75
            ],
            [
              122.15,
              19.75
            ],
            [
              121.44999999999999,
              19.75
            ],
            [
              120.75,
              19.75
            ],
            [
              120.05,
              19.75
            ],
            [
              119.35,
              19.75
            ],
            [
              118.65,
              19.75
            ],
            [
              117.94999999999999,
              19.75
            ],
            [
              117.25,
              19.75
            ],
            [
              117.25,
              20.25
            ],
            [
              116.55,
              20.25
            ],
            [
              115.85,
              20.25
            ],
            [
              115.15,
              20.25
            ],
            [
              114.44999999999999,
              20.25
            ],
            [
              113.75,
              20.25
            ],
            [
              113.05,
              20.25
            ],
            [
              112.35,
              20.25
            ],
            [
              111.65,
              20.25
            ],
            [
              110.94999999999999,
              20.25
            ],
            [
              110.25,
              20.25
            ],
            [
              109.55,
              20.25
            ],
            [
              108.85,
              20.25
            ],
            [
              108.15,
              20.25
            ],
            [
              107.44999999999999,
              20.25
            ],
            [
              106.75,
              20.25
            ],
            [
              106.05,
              20.25
            ],
            [
              105.35,
              20.25
            ],
            [
              104.65,
              20.25
            ],
            [
              103.94999999999999,
              20.25
            ],
            [
              103.25,
              20.25
            ],
            [
              102.55,
              20.25
            ],
            [
              101.85,
              20.25
            ],
            [
              101.15,
              20.25
            ],
            [
              100.44999999999999,
              20.25
            ],
            [
              99.75,
              20.25
            ],
            [
              99.05000000000001,
              20.25
            ],
            [
              98.35,
              20.25
            ],
            [
              97.65,
              20.25
            ],
            [
              96.94999999999999,
              20.25
            ],
            [
              96.25,
              20.25
            ],
            [
              95.55000000000001,
              20.25
            ],
            [
              94.85,
              20.25
            ],
            [
              94.15,
              20.25
            ],
            [
              93.44999999999999,
              20.25
            ],
            [
              92.75,
              20.25
            ],
            [
              92.05000000000001,
              20.25
            ],
            [
              91.35,
              20.25
            ],
            [
              90.65,
              20.25
            ],
            [
              89.94999999999999,
              20.25
            ],
            [
              89.25,
              20.25
            ],
            [
              88.55000000000001,
              20.25
            ],
            [
              87.85,
              20.25
            ],
            [
              87.15,
              20.25
            ],
            [
              87.15,
              20.75
            ],
            [
              86.44999999999999,
              20.75
            ],
            [
              85.75,
              20.75
            ],
            [
              85.05000000000001,
              20.75
            ],
            [
              84.35,
              20.75
            ],
            [
              83.65,
              20.75
            ],
            [
              82.94999999999999,
              20.75
            ],
            [
              82.25,
              20.75
            ],
            [
              81.55000000000001,
              20.75
            ],
            [
              80.85,
              20.75
            ],
            [
              80.15,
              20.75
            ],
            [
              79.44999999999999,
              20.75
            ],
            [
              78.75,
              20.75
            ],
            [
              78.05000000000001,
              20.75
            ],
            [
              77.35,
              20.75
            ],
            [
              76.65,
              20.75
            ],
            [
              75.94999999999999,
              20.75
            ],
            [
              75.25,
              20.75
            ],
            [
              74.55000000000001,
              20.75
            ],
            [
              73.85,
              20.75
            ],
            [
              73.15,
              20.75
            ],
            [
              72.44999999999999,
              20.75
            ],
            [
              71.75,
              20.75
            ],
            [
              71.05000000000001,
              20.75
            ],
            [
              70.35,
              20.75
            ],
            [
              69.65,
              20.75
            ],
            [
              69.65,
              21.25
            ],
            [
              69.65,
              21.75
            ],
            [
              69.65,
              22.25
            ],
            [
              69.65,
              22.75
            ]
          ]
        ]
      },
      "properties": {
        "id": "subtropical_high_001",
        "feature_type": "subtropical_high",
        "title": "副热带高压 5880gpm 区域",
        "confidence": 0.65,
        "point_count": 1375,
        "centroid": [
          106.79250909090909,
          23.645454545454545
        ],
        "bbox": [
          69.65,
          19.25,
          140.35,
          28.75
        ],
        "max_value": 5907.9970703125,
        "mean_value": 5892.399154829545,
        "evidence": [
          "500hPa 位势高度达到或超过 5880 gpm",
          "MVP 以 5880gpm 区域近似表示副高范围"
        ],
        "level": "500hPa",
        "contour_gpm": 5880.0
      }
    },
    {
      "type": "Feature",
      "geometry": {
        "type": "LineString",
        "coordinates": [
          [
            70.0,
            53.99751629918324
          ],
          [
            70.19370178103607,
            52.394566784696266
          ],
          [
            70.29843170108944,
            50.807239774557765
          ],
          [
            70.61937151389616,
            50.33815239249307
          ],
          [
            71.03127081033152,
            50.38851974963277
          ],
          [
            71.15746973871012,
            49.03464384864589
          ],
          [
            71.69059501759374,
            49.55525933666347
          ],
          [
            71.97840858797554,
            48.971382961280554
          ],
          [
            72.43509705806044,
            49.16648464943672
          ],
          [
            72.8,
            48.992027788946224
          ],
          [
            73.28783341512204,
            49.85740901395014
          ],
          [
            73.60669110651678,
            49.02926690663092
          ],
          [
            74.07628534753373,
            49.872737964480926
          ],
          [
            74.38487580035316,
            48.990613533079255
          ],
          [
            74.9,
            49.98866420912993
          ],
          [
            75.2301454151681,
            49.64914694961824
          ],
          [
            75.6,
            49.48872153543402
          ],
          [
            76.04848018754429,
            49.9883484054493
          ],
          [
            76.30000000000001,
            48.99013870529637
          ],
          [
            77.00000000000001,
            50.98815965896475
          ],
          [
            77.1583950585439,
            49.675934998873956
          ],
          [
            77.69999999999999,
            50.48650661380571
          ],
          [
            78.1454524663708,
            50.74911182956069
          ],
          [
            78.4,
            50.24079626210298
          ],
          [
            79.1,
            51.24166053060421
          ]
        ]
      },
      "properties": {
        "id": "trough_001",
        "feature_type": "trough",
        "title": "500hPa 槽线",
        "level": "500hPa",
        "confidence": 0.68,
        "method": "curvature_component_axis",
        "point_count": 155,
        "axis_length": 22.047733952298593,
        "threshold_value": -5.0048397285946855,
        "curvature_mean": 0.10681658942736781,
        "vorticity_support_mean": -7.222082616745962e-12,
        "evidence": [
          "500hPa 位势高度距平达到尾部分位",
          "轴线位于高度场曲率支撑的连续槽脊带内",
          "500hPa 相对涡度符号与槽脊性质一致"
        ]
      }
    },
    {
      "type": "Feature",
      "geometry": {
        "type": "LineString",
        "coordinates": [
          [
            70.0,
            21.73538289675067
          ],
          [
            70.16346668229552,
            20.584913478998136
          ],
          [
            70.3988009178435,
            20.063691876451355
          ],
          [
            70.49416765173696,
            18.766743051868016
          ],
          [
            70.76664562636154,
            18.337445926642243
          ],
          [
            71.38095179996523,
            18.931420709013395
          ],
          [
            71.475704581006,
            17.83655962350684
          ],
          [
            72.15420993024075,
            18.788764039074326
          ],
          [
            72.29315807689025,
            17.766466623422236
          ],
          [
            72.9954945200955,
            18.983911042243125
          ],
          [
            73.32127668096744,
            18.491065715322847
          ],
          [
            73.85085702892881,
            19.00512877143849
          ],
          [
            74.09736763690516,
            18.352272301447503
          ],
          [
            74.5520166299618,
            18.510926184804294
          ],
          [
            74.99724397812693,
            18.637190407209285
          ],
          [
            75.30104806808455,
            18.08006939845526
          ],
          [
            75.8811022736931,
            18.606585030504064
          ],
          [
            76.020739166569,
            17.90546162577029
          ],
          [
            76.5340703293925,
            18.09048936155661
          ],
          [
            76.82423431128342,
            17.87549988906532
          ],
          [
            77.23385147978505,
            17.589078036131042
          ],
          [
            77.7,
            18.00441335954293
          ],
          [
            77.97905367727698,
            17.399139782694007
          ],
          [
            78.40000000000002,
            17.504196587398077
          ],
          [
            78.62942364278787,
            16.824027263566602
          ],
          [
            79.1,
            16.75610256701904
          ]
        ]
      },
      "properties": {
        "id": "trough_002",
        "feature_type": "trough",
        "title": "500hPa 槽线",
        "level": "500hPa",
        "confidence": 0.68,
        "method": "curvature_component_axis",
        "point_count": 158,
        "axis_length": 18.531139540927853,
        "threshold_value": -5.0048397285946855,
        "curvature_mean": 0.10729813853213449,
        "vorticity_support_mean": -5.584396771049899e-12,
        "evidence": [
          "500hPa 位势高度距平达到尾部分位",
          "轴线位于高度场曲率支撑的连续槽脊带内",
          "500hPa 相对涡度符号与槽脊性质一致"
        ]
      }
    },
    {
      "type": "Feature",
      "geometry": {
        "type": "LineString",
        "coordinates": [
          [
            102.2,
            34.24960107197822
          ],
          [
            102.89999999999999,
            34.250676092233654
          ],
          [
            103.60000000000001,
            34.25261572722708
          ],
          [
            104.3,
            34.2541632133725
          ],
          [
            105.00000000000001,
            34.25633432809159
          ],
          [
            105.69999999999996,
            34.2576660755441
          ],
          [
            106.39999999999999,
            34.25999018729917
          ],
          [
            107.09999999999997,
            34.26105219280967
          ],
          [
            107.8,
            34.26191404066614
          ],
          [
            108.50000000000003,
            34.39656271748174
          ],
          [
            109.19999999999999,
            34.26471011862987
          ],
          [
            109.89999999999999,
            34.26509210962036
          ],
          [
            110.6,
            34.265297288819006
          ],
          [
            111.29999999999997,
            34.26532485009357
          ],
          [
            112.0,
            34.26517108126612
          ],
          [
            112.7,
            34.264832732758286
          ],
          [
            113.40000000000002,
            34.26430728408528
          ],
          [
            114.10000000000001,
            34.2620983729085
          ],
          [
            114.80000000000001,
            34.26128475998397
          ],
          [
            115.5,
            34.260268938977156
          ],
          [
            116.2,
            34.41114344396059
          ],
          [
            116.90000000000003,
            34.25665729294702
          ],
          [
            117.59999999999997,
            34.25446345903771
          ],
          [
            118.30000000000001,
            34.25292364312567
          ],
          [
            119.00000000000003,
            34.251004818658934
          ],
          [
            119.70000000000002,
            34.24958070553143
          ],
          [
            120.4,
            34.24986745853681
          ]
        ]
      },
      "properties": {
        "id": "trough_003",
        "feature_type": "trough",
        "title": "500hPa 槽线",
        "level": "500hPa",
        "confidence": 0.68,
        "method": "curvature_component_axis",
        "point_count": 584,
        "axis_length": 18.25809096223442,
        "threshold_value": -5.0048397285946855,
        "curvature_mean": 2.218321351259437,
        "vorticity_support_mean": 6.544914357401803e-06,
        "evidence": [
          "500hPa 位势高度距平达到尾部分位",
          "轴线位于高度场曲率支撑的连续槽脊带内",
          "500hPa 相对涡度符号与槽脊性质一致"
        ]
      }
    },
    {
      "type": "Feature",
      "geometry": {
        "type": "LineString",
        "coordinates": [
          [
            69.99999999999999,
            34.25610010363206
          ],
          [
            70.70000000000002,
            34.25608717862368
          ],
          [
            71.40000000000002,
            34.25604651971059
          ],
          [
            72.1,
            34.25597599605059
          ],
          [
            72.79999999999997,
            34.2559355789409
          ],
          [
            73.49999999999999,
            34.25591362450602
          ],
          [
            74.20000000000002,
            34.255878500032004
          ],
          [
            74.90000000000005,
            34.255839007129026
          ],
          [
            75.6,
            34.255822325039205
          ],
          [
            76.30000000000001,
            34.25581335655965
          ],
          [
            77.00000000000003,
            34.25579242589486
          ],
          [
            77.7,
            34.25575984194671
          ],
          [
            78.40000000000005,
            34.255741302482676
          ],
          [
            79.10000000000001,
            34.25574608114544
          ],
          [
            79.80000000000001,
            34.255738988291306
          ],
          [
            80.50000000000003,
            34.25572125476147
          ],
          [
            81.20000000000002,
            34.25573128224202
          ],
          [
            81.9,
            34.2557931137672
          ],
          [
            82.59999999999998,
            34.255881156720854
          ],
          [
            83.29999999999998,
            31.503488812196796
          ],
          [
            83.3,
            35.890953861472696
          ],
          [
            84.0,
            34.25611354737979
          ],
          [
            84.70000000000003,
            34.25630297865037
          ],
          [
            85.39999999999999,
            34.25654704457971
          ],
          [
            86.1,
            34.2568788931954
          ],
          [
            86.80000000000001,
            34.25729807263925
          ],
          [
            87.49999999999999,
            34.25779574578975
          ],
          [
            88.20000000000003,
            34.25842009980035
          ],
          [
            88.90000000000002,
            34.26085044020512
          ],
          [
            89.60000000000001,
            34.261958922760904
          ],
          [
            90.3,
            34.26325097787145
          ],
          [
            90.99999999999999,
            34.264720666377265
          ],
          [
            91.70000000000002,
            34.268930683132716
          ],
          [
            92.40000000000002,
            34.268147901324014
          ],
          [
            93.09999999999998,
            34.27016107667231
          ],
          [
            93.79999999999998,
            34.27239761415762
          ],
          [
            94.49999999999997,
            34.2710705109185
          ],
          [
            95.2,
            34.269380432445274
          ],
          [
            95.9,
            34.26744346799635
          ],
          [
            96.59999999999998,
            34.258022061633824
          ]
        ]
      },
      "properties": {
        "id": "ridge_001",
        "feature_type": "ridge",
        "title": "500hPa 脊线",
        "level": "500hPa",
        "confidence": 0.68,
        "method": "curvature_component_axis",
        "point_count": 782,
        "axis_length": 34.2059727283328,
        "threshold_value": 11.00171115685845,
        "curvature_mean": 0.8094427446267646,
        "vorticity_support_mean": 3.6163720540907305e-07,
        "evidence": [
          "500hPa 位势高度距平达到尾部分位",
          "轴线位于高度场曲率支撑的连续槽脊带内",
          "500hPa 相对涡度符号与槽脊性质一致"
        ]
      }
    },
    {
      "type": "Feature",
      "geometry": {
        "type": "LineString",
        "coordinates": [
          [
            124.60000000000001,
            34.27331291747138
          ],
          [
            125.29999999999998,
            34.283775606818956
          ],
          [
            126.00000000000001,
            34.28857033098023
          ],
          [
            126.69999999999997,
            34.285316189717086
          ],
          [
            127.40000000000002,
            34.27899739671707
          ],
          [
            128.1,
            34.276256004167756
          ],
          [
            128.8,
            34.27100272962303
          ],
          [
            129.49999999999997,
            34.26885093009021
          ],
          [
            130.19999999999996,
            34.26682168051926
          ],
          [
            130.9,
            34.26305228178001
          ],
          [
            131.60000000000002,
            34.26161408514148
          ],
          [
            132.30000000000004,
            36.699763484906455
          ],
          [
            132.3,
            31.806039187407826
          ],
          [
            133.0,
            34.259228887368124
          ],
          [
            133.70000000000002,
            34.41923597449557
          ],
          [
            134.39999999999998,
            34.25649960277882
          ],
          [
            135.09999999999997,
            34.255942140750456
          ],
          [
            135.79999999999998,
            34.25548447983431
          ],
          [
            136.5,
            34.255146202922575
          ],
          [
            137.20000000000002,
            34.254879263184655
          ],
          [
            137.89999999999995,
            34.25463571742604
          ],
          [
            138.60000000000002,
            34.254420123962824
          ],
          [
            139.30000000000004,
            34.25428289904673
          ],
          [
            140.0,
            34.254243727208426
          ]
        ]
      },
      "properties": {
        "id": "ridge_002",
        "feature_type": "ridge",
        "title": "500hPa 脊线",
        "level": "500hPa",
        "confidence": 0.68,
        "method": "curvature_component_axis",
        "point_count": 511,
        "axis_length": 24.018372143203166,
        "threshold_value": 11.00171115685845,
        "curvature_mean": 0.8473689435629265,
        "vorticity_support_mean": 7.777540118524625e-07,
        "evidence": [
          "500hPa 位势高度距平达到尾部分位",
          "轴线位于高度场曲率支撑的连续槽脊带内",
          "500hPa 相对涡度符号与槽脊性质一致"
        ]
      }
    },
    {
      "type": "Feature",
      "geometry": {
        "type": "Polygon",
        "coordinates": [
          [
            [
              94.15,
              25.25
            ],
            [
              94.15,
              25.75
            ],
            [
              93.44999999999999,
              25.75
            ],
            [
              93.44999999999999,
              26.25
            ],
            [
              93.44999999999999,
              26.75
            ],
            [
              92.75,
              26.75
            ],
            [
              92.75,
              27.25
            ],
            [
              92.75,
              27.75
            ],
            [
              92.75,
              28.25
            ],
            [
              92.75,
              28.75
            ],
            [
              92.75,
              29.25
            ],
            [
              92.75,
              29.75
            ],
            [
              92.75,
              30.25
            ],
            [
              92.75,
              30.75
            ],
            [
              93.44999999999999,
              30.75
            ],
            [
              93.44999999999999,
              31.25
            ],
            [
              94.15,
              31.25
            ],
            [
              94.15,
              31.75
            ],
            [
              94.15,
              32.25
            ],
            [
              94.85,
              32.25
            ],
            [
              95.55000000000001,
              32.25
            ],
            [
              95.55000000000001,
              32.75
            ],
            [
              96.25,
              32.75
            ],
            [
              96.94999999999999,
              32.75
            ],
            [
              96.94999999999999,
              33.25
            ],
            [
              97.65,
              33.25
            ],
            [
              98.35,
              33.25
            ],
            [
              99.05000000000001,
              33.25
            ],
            [
              99.75,
              33.25
            ],
            [
              99.75,
              33.75
            ],
            [
              100.44999999999999,
              33.75
            ],
            [
              101.15,
              33.75
            ],
            [
              101.85,
              33.75
            ],
            [
              102.55,
              33.75
            ],
            [
              103.25,
              33.75
            ],
            [
              103.94999999999999,
              33.75
            ],
            [
              104.65,
              33.75
            ],
            [
              105.35,
              33.75
            ],
            [
              106.05,
              33.75
            ],
            [
              106.75,
              33.75
            ],
            [
              107.44999999999999,
              33.75
            ],
            [
              107.44999999999999,
              33.25
            ],
            [
              108.15,
              33.25
            ],
            [
              108.85,
              33.25
            ],
            [
              108.85,
              32.75
            ],
            [
              109.55,
              32.75
            ],
            [
              109.55,
              32.25
            ],
            [
              110.25,
              32.25
            ],
            [
              110.25,
              31.75
            ],
            [
              110.25,
              31.25
            ],
            [
              110.25,
              30.75
            ],
            [
              110.25,
              30.25
            ],
            [
              110.25,
              29.75
            ],
            [
              110.25,
              29.25
            ],
            [
              110.25,
              28.75
            ],
            [
              110.25,
              28.25
            ],
            [
              110.25,
              27.75
            ],
            [
              110.25,
              27.25
            ],
            [
              110.25,
              26.75
            ],
            [
              110.25,
              26.25
            ],
            [
              110.25,
              25.75
            ],
            [
              110.25,
              25.25
            ],
            [
              110.25,
              24.75
            ],
            [
              109.55,
              24.75
            ],
            [
              109.55,
              24.25
            ],
            [
              109.55,
              23.75
            ],
            [
              109.55,
              23.25
            ],
            [
              108.85,
              23.25
            ],
            [
              108.85,
              22.75
            ],
            [
              108.85,
              22.25
            ],
            [
              108.15,
              22.25
            ],
            [
              108.15,
              21.75
            ],
            [
              107.44999999999999,
              21.75
            ],
            [
              107.44999999999999,
              21.25
            ],
            [
              106.75,
              21.25
            ],
            [
              106.05,
              21.25
            ],
            [
              106.05,
              20.75
            ],
            [
              105.35,
              20.75
            ],
            [
              104.65,
              20.75
            ],
            [
              103.94999999999999,
              20.75
            ],
            [
              103.25,
              20.75
            ],
            [
              102.55,
              20.75
            ],
            [
              101.85,
              20.75
            ],
            [
              101.15,
              20.75
            ],
            [
              101.15,
              21.25
            ],
            [
              100.44999999999999,
              21.25
            ],
            [
              99.75,
              21.25
            ],
            [
              99.75,
              21.75
            ],
            [
              99.05000000000001,
              21.75
            ],
            [
              98.35,
              21.75
            ],
            [
              98.35,
              22.25
            ],
            [
              97.65,
              22.25
            ],
            [
              97.65,
              22.75
            ],
            [
              96.94999999999999,
              22.75
            ],
            [
              96.25,
              22.75
            ],
            [
              96.25,
              23.25
            ],
            [
              95.55000000000001,
              23.25
            ],
            [
              95.55000000000001,
              23.75
            ],
            [
              94.85,
              23.75
            ],
            [
              94.85,
              24.25
            ],
            [
              94.85,
              24.75
            ],
            [
              94.15,
              24.75
            ],
            [
              94.15,
              25.25
            ]
          ]
        ]
      },
      "properties": {
        "id": "low_level_convergence_001",
        "feature_type": "low_level_convergence",
        "title": "850hPa 低层辐合区",
        "level": "850hPa",
        "rank": 1,
        "point_count": 540,
        "bbox": [
          92.75,
          20.75,
          110.25,
          33.75
        ],
        "centroid": [
          102.08722222222222,
          27.610185185185184
        ],
        "mean_value": -3.028638601177575e-07,
        "mean_smoothed_divergence": -2.992524626433696e-07,
        "max_strength": 6.417977608624294e-07,
        "confidence": 0.68,
        "evidence": [
          "850hPa 散度经平滑后仍为低值，表示低层辐合",
          "仅保留面积和辐合强度排序靠前的主要对象"
        ]
      }
    },
    {
      "type": "Feature",
      "geometry": {
        "type": "Polygon",
        "coordinates": [
          [
            [
              112.35,
              37.25
            ],
            [
              112.35,
              37.75
            ],
            [
              112.35,
              38.25
            ],
            [
              112.35,
              38.75
            ],
            [
              112.35,
              39.25
            ],
            [
              112.35,
              39.75
            ],
            [
              112.35,
              40.25
            ],
            [
              112.35,
              40.75
            ],
            [
              113.05,
              40.75
            ],
            [
              113.05,
              41.25
            ],
            [
              113.05,
              41.75
            ],
            [
              113.75,
              41.75
            ],
            [
              113.75,
              42.25
            ],
            [
              114.44999999999999,
              42.25
            ],
            [
              114.44999999999999,
              42.75
            ],
            [
              115.15,
              42.75
            ],
            [
              115.85,
              42.75
            ],
            [
              116.55,
              42.75
            ],
            [
              117.25,
              42.75
            ],
            [
              117.94999999999999,
              42.75
            ],
            [
              118.65,
              42.75
            ],
            [
              119.35,
              42.75
            ],
            [
              120.05,
              42.75
            ],
            [
              120.75,
              42.75
            ],
            [
              121.44999999999999,
              42.75
            ],
            [
              121.44999999999999,
              42.25
            ],
            [
              122.15,
              42.25
            ],
            [
              122.85,
              42.25
            ],
            [
              122.85,
              41.75
            ],
            [
              123.55,
              41.75
            ],
            [
              124.25,
              41.75
            ],
            [
              124.25,
              41.25
            ],
            [
              124.94999999999999,
              41.25
            ],
            [
              124.94999999999999,
              40.75
            ],
            [
              125.65,
              40.75
            ],
            [
              125.65,
              40.25
            ],
            [
              126.35,
              40.25
            ],
            [
              126.35,
              39.75
            ],
            [
              126.35,
              39.25
            ],
            [
              127.05,
              39.25
            ],
            [
              127.05,
              38.75
            ],
            [
              127.05,
              38.25
            ],
            [
              127.05,
              37.75
            ],
            [
              127.05,
              37.25
            ],
            [
              126.35,
              37.25
            ],
            [
              126.35,
              36.75
            ],
            [
              126.35,
              36.25
            ],
            [
              125.65,
              36.25
            ],
            [
              125.65,
              35.75
            ],
            [
              124.94999999999999,
              35.75
            ],
            [
              124.25,
              35.75
            ],
            [
              124.25,
              35.25
            ],
            [
              123.55,
              35.25
            ],
            [
              122.85,
              35.25
            ],
            [
              122.15,
              35.25
            ],
            [
              121.44999999999999,
              35.25
            ],
            [
              120.75,
              35.25
            ],
            [
              120.75,
              34.75
            ],
            [
              120.05,
              34.75
            ],
            [
              119.35,
              34.75
            ],
            [
              118.65,
              34.75
            ],
            [
              117.94999999999999,
              34.75
            ],
            [
              117.25,
              34.75
            ],
            [
              116.55,
              34.75
            ],
            [
              115.85,
              34.75
            ],
            [
              115.85,
              35.25
            ],
            [
              115.15,
              35.25
            ],
            [
              114.44999999999999,
              35.25
            ],
            [
              113.75,
              35.25
            ],
            [
              113.75,
              35.75
            ],
            [
              113.05,
              35.75
            ],
            [
              113.05,
              36.25
            ],
            [
              112.35,
              36.25
            ],
            [
              112.35,
              36.75
            ],
            [
              112.35,
              37.25
            ]
          ]
        ]
      },
      "properties": {
        "id": "low_level_convergence_002",
        "feature_type": "low_level_convergence",
        "title": "850hPa 低层辐合区",
        "level": "850hPa",
        "rank": 2,
        "point_count": 279,
        "bbox": [
          112.35,
          34.75,
          127.05,
          42.75
        ],
        "centroid": [
          119.2258064516129,
          38.70967741935484
        ],
        "mean_value": -1.9895847393169674e-07,
        "mean_smoothed_divergence": -1.9491607048735394e-07,
        "max_strength": 3.3287990486122416e-07,
        "confidence": 0.68,
        "evidence": [
          "850hPa 散度经平滑后仍为低值，表示低层辐合",
          "仅保留面积和辐合强度排序靠前的主要对象"
        ]
      }
    },
    {
      "type": "Feature",
      "geometry": {
        "type": "Polygon",
        "coordinates": [
          [
            [
              113.05,
              22.25
            ],
            [
              113.05,
              22.75
            ],
            [
              113.05,
              23.25
            ],
            [
              112.35,
              23.25
            ],
            [
              112.35,
              23.75
            ],
            [
              112.35,
              24.25
            ],
            [
              112.35,
              24.75
            ],
            [
              112.35,
              25.25
            ],
            [
              111.65,
              25.25
            ],
            [
              111.65,
              25.75
            ],
            [
              111.65,
              26.25
            ],
            [
              111.65,
              26.75
            ],
            [
              111.65,
              27.25
            ],
            [
              111.65,
              27.75
            ],
            [
              111.65,
              28.25
            ],
            [
              111.65,
              28.75
            ],
            [
              111.65,
              29.25
            ],
            [
              111.65,
              29.75
            ],
            [
              111.65,
              30.25
            ],
            [
              111.65,
              30.75
            ],
            [
              111.65,
              31.25
            ],
            [
              111.65,
              31.75
            ],
            [
              112.35,
              31.75
            ],
            [
              112.35,
              32.25
            ],
            [
              112.35,
              32.75
            ],
            [
              113.05,
              32.75
            ],
            [
              113.05,
              33.25
            ],
            [
              113.75,
              33.25
            ],
            [
              114.44999999999999,
              33.25
            ],
            [
              114.44999999999999,
              33.75
            ],
            [
              115.15,
              33.75
            ],
            [
              115.85,
              33.75
            ],
            [
              116.55,
              33.75
            ],
            [
              117.25,
              33.75
            ],
            [
              117.94999999999999,
              33.75
            ],
            [
              118.65,
              33.75
            ],
            [
              119.35,
              33.75
            ],
            [
              120.05,
              33.75
            ],
            [
              120.75,
              33.75
            ],
            [
              121.44999999999999,
              33.75
            ],
            [
              122.15,
              33.75
            ],
            [
              122.15,
              33.25
            ],
            [
              122.85,
              33.25
            ],
            [
              123.55,
              33.25
            ],
            [
              124.25,
              33.25
            ],
            [
              124.94999999999999,
              33.25
            ],
            [
              124.94999999999999,
              32.75
            ],
            [
              125.65,
              32.75
            ],
            [
              126.35,
              32.75
            ],
            [
              126.35,
              32.25
            ],
            [
              127.05,
              32.25
            ],
            [
              127.75,
              32.25
            ],
            [
              127.75,
              31.75
            ],
            [
              128.45,
              31.75
            ],
            [
              128.45,
              31.25
            ],
            [
              128.45,
              30.75
            ],
            [
              129.15,
              30.75
            ],
            [
              129.15,
              30.25
            ],
            [
              129.15,
              29.75
            ],
            [
              129.15,
              29.25
            ],
            [
              129.15,
              28.75
            ],
            [
              129.15,
              28.25
            ],
            [
              129.15,
              27.75
            ],
            [
              129.15,
              27.25
            ],
            [
              129.15,
              26.75
            ],
            [
              128.45,
              26.75
            ],
            [
              128.45,
              26.25
            ],
            [
              128.45,
              25.75
            ],
            [
              128.45,
              25.25
            ],
            [
              127.75,
              25.25
            ],
            [
              127.75,
              24.75
            ],
            [
              127.05,
              24.75
            ],
            [
              127.05,
              24.25
            ],
            [
              127.05,
              23.75
            ],
            [
              126.35,
              23.75
            ],
            [
              126.35,
              23.25
            ],
            [
              125.65,
              23.25
            ],
            [
              125.65,
              22.75
            ],
            [
              124.94999999999999,
              22.75
            ],
            [
              124.94999999999999,
              22.25
            ],
            [
              124.25,
              22.25
            ],
            [
              123.55,
              22.25
            ],
            [
              123.55,
              21.75
            ],
            [
              122.85,
              21.75
            ],
            [
              122.15,
              21.75
            ],
            [
              122.15,
              21.25
            ],
            [
              121.44999999999999,
              21.25
            ],
            [
              120.75,
              21.25
            ],
            [
              120.75,
              20.75
            ],
            [
              120.05,
              20.75
            ],
            [
              119.35,
              20.75
            ],
            [
              118.65,
              20.75
            ],
            [
              117.94999999999999,
              20.75
            ],
            [
              117.25,
              20.75
            ],
            [
              116.55,
              20.75
            ],
            [
              115.85,
              20.75
            ],
            [
              115.85,
              21.25
            ],
            [
              115.15,
              21.25
            ],
            [
              114.44999999999999,
              21.25
            ],
            [
              114.44999999999999,
              21.75
            ],
            [
              113.75,
              21.75
            ],
            [
              113.75,
              22.25
            ],
            [
              113.05,
              22.25
            ]
          ]
        ]
      },
      "properties": {
        "id": "upper_divergence_001",
        "feature_type": "upper_divergence",
        "title": "200hPa 高空辐散区",
        "level": "200hPa",
        "rank": 1,
        "point_count": 541,
        "bbox": [
          111.65,
          20.75,
          129.15,
          33.75
        ],
        "centroid": [
          119.88114602587801,
          27.600739371534196
        ],
        "mean_value": 3.02484147730124e-07,
        "mean_smoothed_divergence": 2.9887484482938186e-07,
        "max_strength": 6.425314250705084e-07,
        "confidence": 0.68,
        "evidence": [
          "200hPa 散度经平滑后仍为高值，表示高空辐散",
          "仅保留面积和辐散强度排序靠前的主要对象"
        ]
      }
    },
    {
      "type": "Feature",
      "geometry": {
        "type": "Polygon",
        "coordinates": [
          [
            [
              96.25,
              36.25
            ],
            [
              95.55000000000001,
              36.25
            ],
            [
              95.55000000000001,
              36.75
            ],
            [
              95.55000000000001,
              37.25
            ],
            [
              94.85,
              37.25
            ],
            [
              94.85,
              37.75
            ],
            [
              94.85,
              38.25
            ],
            [
              94.85,
              38.75
            ],
            [
              95.55000000000001,
              38.75
            ],
            [
              95.55000000000001,
              39.25
            ],
            [
              95.55000000000001,
              39.75
            ],
            [
              96.25,
              39.75
            ],
            [
              96.25,
              40.25
            ],
            [
              96.25,
              40.75
            ],
            [
              96.94999999999999,
              40.75
            ],
            [
              96.94999999999999,
              41.25
            ],
            [
              97.65,
              41.25
            ],
            [
              97.65,
              41.75
            ],
            [
              98.35,
              41.75
            ],
            [
              99.05000000000001,
              41.75
            ],
            [
              99.05000000000001,
              42.25
            ],
            [
              99.75,
              42.25
            ],
            [
              100.44999999999999,
              42.25
            ],
            [
              100.44999999999999,
              42.75
            ],
            [
              101.15,
              42.75
            ],
            [
              101.85,
              42.75
            ],
            [
              102.55,
              42.75
            ],
            [
              103.25,
              42.75
            ],
            [
              103.94999999999999,
              42.75
            ],
            [
              104.65,
              42.75
            ],
            [
              105.35,
              42.75
            ],
            [
              106.05,
              42.75
            ],
            [
              106.75,
              42.75
            ],
            [
              107.44999999999999,
              42.75
            ],
            [
              107.44999999999999,
              42.25
            ],
            [
              108.15,
              42.25
            ],
            [
              108.15,
              41.75
            ],
            [
              108.85,
              41.75
            ],
            [
              108.85,
              41.25
            ],
            [
              108.85,
              40.75
            ],
            [
              109.55,
              40.75
            ],
            [
              109.55,
              40.25
            ],
            [
              109.55,
              39.75
            ],
            [
              109.55,
              39.25
            ],
            [
              109.55,
              38.75
            ],
            [
              109.55,
              38.25
            ],
            [
              109.55,
              37.75
            ],
            [
              109.55,
              37.25
            ],
            [
              109.55,
              36.75
            ],
            [
              109.55,
              36.25
            ],
            [
              108.85,
              36.25
            ],
            [
              108.85,
              35.75
            ],
            [
              108.85,
              35.25
            ],
            [
              108.15,
              35.25
            ],
            [
              107.44999999999999,
              35.25
            ],
            [
              106.75,
              35.25
            ],
            [
              106.05,
              35.25
            ],
            [
              106.05,
              34.75
            ],
            [
              105.35,
              34.75
            ],
            [
              104.65,
              34.75
            ],
            [
              103.94999999999999,
              34.75
            ],
            [
              103.25,
              34.75
            ],
            [
              102.55,
              34.75
            ],
            [
              101.85,
              34.75
            ],
            [
              101.15,
              34.75
            ],
            [
              101.15,
              35.25
            ],
            [
              100.44999999999999,
              35.25
            ],
            [
              99.75,
              35.25
            ],
            [
              99.05000000000001,
              35.25
            ],
            [
              98.35,
              35.25
            ],
            [
              97.65,
              35.25
            ],
            [
              97.65,
              35.75
            ],
            [
              96.94999999999999,
              35.75
            ],
            [
              96.25,
              35.75
            ],
            [
              96.25,
              36.25
            ]
          ]
        ]
      },
      "properties": {
        "id": "upper_divergence_002",
        "feature_type": "upper_divergence",
        "title": "200hPa 高空辐散区",
        "level": "200hPa",
        "rank": 2,
        "point_count": 278,
        "bbox": [
          94.85,
          34.75,
          109.55,
          42.75
        ],
        "centroid": [
          102.74640287769785,
          38.69244604316547
        ],
        "mean_value": 1.9930151602376307e-07,
        "mean_smoothed_divergence": 1.9524673369229542e-07,
        "max_strength": 3.327435436647513e-07,
        "confidence": 0.68,
        "evidence": [
          "200hPa 散度经平滑后仍为高值，表示高空辐散",
          "仅保留面积和辐散强度排序靠前的主要对象"
        ]
      }
    },
    {
      "type": "Feature",
      "geometry": {
        "type": "LineString",
        "coordinates": [
          [
            107.56666666666666,
            27.666666666666668
          ],
          [
            108.08,
            27.8
          ],
          [
            108.49999999999999,
            28.0
          ],
          [
            109.05999999999999,
            27.8
          ],
          [
            109.375,
            28.125
          ],
          [
            109.89999999999999,
            28.0
          ],
          [
            110.25,
            28.25
          ],
          [
            110.775,
            28.125
          ],
          [
            110.98888888888888,
            28.72222222222222
          ],
          [
            111.68888888888888,
            28.22222222222222
          ],
          [
            111.84444444444443,
            28.944444444444443
          ],
          [
            112.28,
            29.05
          ],
          [
            112.91,
            28.65
          ],
          [
            113.12,
            29.3
          ],
          [
            113.67999999999999,
            29.05
          ],
          [
            114.10000000000002,
            29.25
          ],
          [
            114.64444444444445,
            29.055555555555557
          ],
          [
            114.8,
            29.75
          ],
          [
            115.49999999999999,
            29.25
          ],
          [
            115.62727272727271,
            30.09090909090909
          ],
          [
            116.13636363636364,
            29.954545454545453
          ],
          [
            116.46923076923076,
            30.307692307692307
          ],
          [
            117.02727272727272,
            30.09090909090909
          ],
          [
            117.075,
            31.083333333333332
          ],
          [
            117.60000000000004,
            31.0
          ],
          [
            118.125,
            30.916666666666668
          ],
          [
            118.17272727272729,
            31.90909090909091
          ],
          [
            118.99999999999999,
            31.0
          ],
          [
            119.2333333333333,
            31.666666666666668
          ],
          [
            119.57272727272726,
            31.90909090909091
          ],
          [
            119.82727272727271,
            32.40909090909091
          ],
          [
            120.39999999999999,
            32.25
          ],
          [
            120.75,
            32.5
          ],
          [
            121.22727272727275,
            32.40909090909091
          ],
          [
            121.52000000000002,
            32.95
          ],
          [
            122.14999999999999,
            32.625
          ],
          [
            122.39999999999998,
            33.07142857142857
          ],
          [
            122.61666666666666,
            33.666666666666664
          ],
          [
            123.02499999999999,
            33.875
          ]
        ]
      },
      "properties": {
        "id": "low_level_jet_001",
        "feature_type": "low_level_jet",
        "title": "850hPa 低空急流轴",
        "level": "850hPa",
        "rank": 1,
        "point_count": 370,
        "axis_length": 23.75485542786787,
        "max_wind_ms": 13.63,
        "mean_wind_ms": 12.73,
        "direction_coherence": 0.993,
        "confidence": 0.61,
        "evidence": [
          "850hPa 风速达到 13.6 m/s",
          "风速高值呈连续轴带分布",
          "风向一致性满足低空急流轴判断",
          "低空急流轴与水汽通量高值重叠"
        ],
        "moisture_flux_threshold": 0.15651928563948966
      }
    },
    {
      "type": "Feature",
      "geometry": {
        "type": "LineString",
        "coordinates": [
          [
            77.60000000000001,
            29.785714285714285
          ],
          [
            78.78888888888888,
            29.75
          ],
          [
            80.17916666666666,
            30.0
          ],
          [
            81.56206896551728,
            29.879310344827587
          ],
          [
            82.96060606060605,
            29.87878787878788
          ],
          [
            84.35999999999999,
            29.87142857142857
          ],
          [
            85.75,
            30.0
          ],
          [
            87.04838709677422,
            28.951612903225808
          ],
          [
            87.97419354838709,
            30.887096774193548
          ],
          [
            89.25,
            29.75
          ],
          [
            90.65000000000003,
            29.75
          ],
          [
            92.05744680851062,
            29.872340425531913
          ],
          [
            93.45000000000003,
            29.75
          ],
          [
            94.84999999999997,
            29.75
          ],
          [
            96.25,
            29.5
          ],
          [
            97.56923076923083,
            28.384615384615383
          ],
          [
            98.50909090909089,
            30.272727272727273
          ],
          [
            99.75,
            29.25
          ],
          [
            101.15744680851068,
            28.872340425531913
          ],
          [
            102.54999999999994,
            28.75
          ],
          [
            103.95000000000005,
            28.75
          ],
          [
            105.34999999999995,
            28.75
          ],
          [
            106.75714285714287,
            28.877551020408163
          ],
          [
            108.0863636363637,
            27.931818181818183
          ],
          [
            109.03529411764703,
            29.808823529411764
          ],
          [
            110.25,
            29.0
          ],
          [
            111.65000000000006,
            29.25
          ],
          [
            113.0561403508771,
            29.37719298245614
          ],
          [
            114.45593220338993,
            29.627118644067796
          ],
          [
            115.84999999999994,
            29.75
          ],
          [
            117.25593220338983,
            30.127118644067796
          ],
          [
            118.56250000000007,
            29.125
          ],
          [
            119.49999999999996,
            31.535714285714285
          ],
          [
            120.75,
            30.25
          ],
          [
            122.14385964912287,
            30.12280701754386
          ],
          [
            123.54999999999987,
            30.25
          ],
          [
            124.9500000000001,
            30.0
          ],
          [
            126.34999999999994,
            30.25
          ],
          [
            127.75,
            30.0
          ],
          [
            129.08000000000007,
            29.45
          ],
          [
            130.03666666666663,
            30.933333333333334
          ],
          [
            131.2340909090909,
            30.0
          ],
          [
            132.65000000000003,
            30.0
          ],
          [
            134.04102564102556,
            29.871794871794872
          ],
          [
            135.44054054054058,
            29.87837837837838
          ],
          [
            136.83939393939391,
            29.87878787878788
          ],
          [
            138.23793103448276,
            29.879310344827587
          ],
          [
            139.63600000000005,
            29.88
          ]
        ]
      },
      "properties": {
        "id": "moisture_transport_001",
        "feature_type": "moisture_transport",
        "title": "850hPa 水汽输送带",
        "level": "850hPa",
        "rank": 1,
        "point_count": 2046,
        "axis_length": 71.79264560436248,
        "max_value": 0.36965475310066614,
        "mean_value": 0.2293727073537233,
        "flux_threshold": 0.1688097525753907,
        "direction_coherence": 0.995,
        "confidence": 0.72,
        "evidence": [
          "850hPa 水汽通量超过第 75 百分位阈值",
          "水汽通量高值呈连续输送带",
          "风向一致性支持水汽沿轴向输送"
        ]
      }
    },
    {
      "type": "Feature",
      "geometry": {
        "type": "Polygon",
        "coordinates": [
          [
            [
              87.85,
              32.25
            ],
            [
              87.15,
              32.25
            ],
            [
              86.44999999999999,
              32.25
            ],
            [
              86.44999999999999,
              32.75
            ],
            [
              85.75,
              32.75
            ],
            [
              85.05000000000001,
              32.75
            ],
            [
              85.05000000000001,
              33.25
            ],
            [
              84.35,
              33.25
            ],
            [
              84.35,
              33.75
            ],
            [
              84.35,
              34.25
            ],
            [
              84.35,
              34.75
            ],
            [
              85.05000000000001,
              34.75
            ],
            [
              85.05000000000001,
              35.25
            ],
            [
              85.75,
              35.25
            ],
            [
              85.75,
              35.75
            ],
            [
              86.44999999999999,
              35.75
            ],
            [
              86.44999999999999,
              36.25
            ],
            [
              87.15,
              36.25
            ],
            [
              87.85,
              36.25
            ],
            [
              87.85,
              36.75
            ],
            [
              88.55000000000001,
              36.75
            ],
            [
              89.25,
              36.75
            ],
            [
              89.25,
              37.25
            ],
            [
              89.94999999999999,
              37.25
            ],
            [
              90.65,
              37.25
            ],
            [
              90.65,
              37.75
            ],
            [
              91.35,
              37.75
            ],
            [
              92.05000000000001,
              37.75
            ],
            [
              92.05000000000001,
              38.25
            ],
            [
              92.75,
              38.25
            ],
            [
              93.44999999999999,
              38.25
            ],
            [
              93.44999999999999,
              38.75
            ],
            [
              94.15,
              38.75
            ],
            [
              94.85,
              38.75
            ],
            [
              94.85,
              39.25
            ],
            [
              95.55000000000001,
              39.25
            ],
            [
              96.25,
              39.25
            ],
            [
              96.94999999999999,
              39.25
            ],
            [
              97.65,
              39.25
            ],
            [
              98.35,
              39.25
            ],
            [
              99.05000000000001,
              39.25
            ],
            [
              99.05000000000001,
              38.75
            ],
            [
              99.75,
              38.75
            ],
            [
              100.44999999999999,
              38.75
            ],
            [
              101.15,
              38.75
            ],
            [
              101.85,
              38.75
            ],
            [
              102.55,
              38.75
            ],
            [
              102.55,
              38.25
            ],
            [
              103.25,
              38.25
            ],
            [
              103.94999999999999,
              38.25
            ],
            [
              104.65,
              38.25
            ],
            [
              104.65,
              37.75
            ],
            [
              105.35,
              37.75
            ],
            [
              106.05,
              37.75
            ],
            [
              106.75,
              37.75
            ],
            [
              106.75,
              37.25
            ],
            [
              107.44999999999999,
              37.25
            ],
            [
              108.15,
              37.25
            ],
            [
              108.15,
              36.75
            ],
            [
              108.85,
              36.75
            ],
            [
              109.55,
              36.75
            ],
            [
              109.55,
              36.25
            ],
            [
              110.25,
              36.25
            ],
            [
              110.94999999999999,
              36.25
            ],
            [
              111.65,
              36.25
            ],
            [
              111.65,
              36.75
            ],
            [
              112.35,
              36.75
            ],
            [
              113.05,
              36.75
            ],
            [
              113.75,
              36.75
            ],
            [
              113.75,
              37.25
            ],
            [
              114.44999999999999,
              37.25
            ],
            [
              115.15,
              37.25
            ],
            [
              115.85,
              37.25
            ],
            [
              115.85,
              37.75
            ],
            [
              116.55,
              37.75
            ],
            [
              117.25,
              37.75
            ],
            [
              117.25,
              38.25
            ],
            [
              117.94999999999999,
              38.25
            ],
            [
              118.65,
              38.25
            ],
            [
              119.35,
              38.25
            ],
            [
              120.05,
              38.25
            ],
            [
              120.05,
              38.75
            ],
            [
              120.75,
              38.75
            ],
            [
              121.44999999999999,
              38.75
            ],
            [
              122.15,
              38.75
            ],
            [
              122.85,
              38.75
            ],
            [
              123.55,
              38.75
            ],
            [
              123.55,
              39.25
            ],
            [
              124.25,
              39.25
            ],
            [
              124.94999999999999,
              39.25
            ],
            [
              125.65,
              39.25
            ],
            [
              126.35,
              39.25
            ],
            [
              127.05,
              39.25
            ],
            [
              127.75,
              39.25
            ],
            [
              128.45,
              39.25
            ],
            [
              129.15,
              39.25
            ],
            [
              129.85,
              39.25
            ],
            [
              129.85,
              38.75
            ],
            [
              130.55,
              38.75
            ],
            [
              130.55,
              38.25
            ],
            [
              131.25,
              38.25
            ],
            [
              131.25,
              37.75
            ],
            [
              131.95,
              37.75
            ],
            [
              131.95,
              37.25
            ],
            [
              132.65,
              37.25
            ],
            [
              133.35,
              37.25
            ],
            [
              133.35,
              36.75
            ],
            [
              134.04999999999998,
              36.75
            ],
            [
              134.04999999999998,
              36.25
            ],
            [
              134.75,
              36.25
            ],
            [
              135.45,
              36.25
            ],
            [
              135.45,
              35.75
            ],
            [
              136.15,
              35.75
            ],
            [
              136.15,
              35.25
            ],
            [
              136.85,
              35.25
            ],
            [
              136.85,
              34.75
            ],
            [
              136.85,
              34.25
            ],
            [
              137.54999999999998,
              34.25
            ],
            [
              137.54999999999998,
              33.75
            ],
            [
              137.54999999999998,
              33.25
            ],
            [
              136.85,
              33.25
            ],
            [
              136.85,
              32.75
            ],
            [
              136.15,
              32.75
            ],
            [
              135.45,
              32.75
            ],
            [
              135.45,
              32.25
            ],
            [
              134.75,
              32.25
            ],
            [
              134.04999999999998,
              32.25
            ],
            [
              134.04999999999998,
              31.75
            ],
            [
              133.35,
              31.75
            ],
            [
              132.65,
              31.75
            ],
            [
              132.65,
              31.25
            ],
            [
              131.95,
              31.25
            ],
            [
              131.25,
              31.25
            ],
            [
              130.55,
              31.25
            ],
            [
              130.55,
              30.75
            ],
            [
              129.85,
              30.75
            ],
            [
              129.15,
              30.75
            ],
            [
              128.45,
              30.75
            ],
            [
              127.75,
              30.75
            ],
            [
              127.75,
              30.25
            ],
            [
              127.05,
              30.25
            ],
            [
              126.35,
              30.25
            ],
            [
              125.65,
              30.25
            ],
            [
              124.94999999999999,
              30.25
            ],
            [
              124.25,
              30.25
            ],
            [
              124.25,
              29.75
            ],
            [
              123.55,
              29.75
            ],
            [
              122.85,
              29.75
            ],
            [
              122.15,
              29.75
            ],
            [
              121.44999999999999,
              29.75
            ],
            [
              121.44999999999999,
              29.25
            ],
            [
              120.75,
              29.25
            ],
            [
              120.05,
              29.25
            ],
            [
              119.35,
              29.25
            ],
            [
              119.35,
              28.75
            ],
            [
              118.65,
              28.75
            ],
            [
              117.94999999999999,
              28.75
            ],
            [
              117.25,
              28.75
            ],
            [
              116.55,
              28.75
            ],
            [
              116.55,
              28.25
            ],
            [
              115.85,
              28.25
            ],
            [
              115.15,
              28.25
            ],
            [
              114.44999999999999,
              28.25
            ],
            [
              113.75,
              28.25
            ],
            [
              113.05,
              28.25
            ],
            [
              112.35,
              28.25
            ],
            [
              111.65,
              28.25
            ],
            [
              110.94999999999999,
              28.25
            ],
            [
              110.25,
              28.25
            ],
            [
              109.55,
              28.25
            ],
            [
              108.85,
              28.25
            ],
            [
              108.15,
              28.25
            ],
            [
              107.44999999999999,
              28.25
            ],
            [
              106.75,
              28.25
            ],
            [
              106.05,
              28.25
            ],
            [
              105.35,
              28.25
            ],
            [
              105.35,
              28.75
            ],
            [
              104.65,
              28.75
            ],
            [
              103.94999999999999,
              28.75
            ],
            [
              103.25,
              28.75
            ],
            [
              103.25,
              29.25
            ],
            [
              102.55,
              29.25
            ],
            [
              101.85,
              29.25
            ],
            [
              101.15,
              29.25
            ],
            [
              100.44999999999999,
              29.25
            ],
            [
              100.44999999999999,
              29.75
            ],
            [
              99.75,
              29.75
            ],
            [
              99.05000000000001,
              29.75
            ],
            [
              98.35,
              29.75
            ],
            [
              97.65,
              29.75
            ],
            [
              97.65,
              30.25
            ],
            [
              96.94999999999999,
              30.25
            ],
            [
              96.25,
              30.25
            ],
            [
              95.55000000000001,
              30.25
            ],
            [
              94.85,
              30.25
            ],
            [
              94.15,
              30.25
            ],
            [
              93.44999999999999,
              30.25
            ],
            [
              92.75,
              30.25
            ],
            [
              92.75,
              30.75
            ],
            [
              92.05000000000001,
              30.75
            ],
            [
              91.35,
              30.75
            ],
            [
              91.35,
              31.25
            ],
            [
              90.65,
              31.25
            ],
            [
              89.94999999999999,
              31.25
            ],
            [
              89.25,
              31.25
            ],
            [
              89.25,
              31.75
            ],
            [
              88.55000000000001,
              31.75
            ],
            [
              87.85,
              31.75
            ],
            [
              87.85,
              32.25
            ]
          ]
        ]
      },
      "properties": {
        "id": "front_candidate_001",
        "feature_type": "front_candidate",
        "title": "锋面候选区",
        "confidence": 0.66,
        "point_count": 1173,
        "centroid": [
          111.0606990622336,
          33.87979539641944
        ],
        "bbox": [
          84.35,
          28.25,
          137.54999999999998,
          39.25
        ],
        "max_value": 0.9942515478825364,
        "mean_value": 0.5540383587917322,
        "evidence": [
          "850hPa 温度梯度较大",
          "850hPa 风场形变和锋生函数提供动力支撑",
          "低层存在辐合信号",
          "温度平流变化明显"
        ],
        "level": "850hPa",
        "score_threshold": 0.31425370086480137,
        "gradient_threshold": 2.028069098435184e-06,
        "frontogenesis_threshold": 1.535669162254988e-14,
        "wind_deformation_threshold": 1.2737912444970946e-06,
        "rank": 1
      }
    },
    {
      "type": "Feature",
      "geometry": {
        "type": "Polygon",
        "coordinates": [
          [
            [
              105.35,
              28.25
            ],
            [
              104.65,
              28.25
            ],
            [
              104.65,
              28.75
            ],
            [
              103.94999999999999,
              28.75
            ],
            [
              103.94999999999999,
              29.25
            ],
            [
              103.25,
              29.25
            ],
            [
              103.25,
              29.75
            ],
            [
              103.25,
              30.25
            ],
            [
              102.55,
              30.25
            ],
            [
              102.55,
              30.75
            ],
            [
              101.85,
              30.75
            ],
            [
              101.85,
              31.25
            ],
            [
              101.85,
              31.75
            ],
            [
              101.85,
              32.25
            ],
            [
              102.55,
              32.25
            ],
            [
              102.55,
              32.75
            ],
            [
              103.25,
              32.75
            ],
            [
              103.94999999999999,
              32.75
            ],
            [
              103.94999999999999,
              33.25
            ],
            [
              104.65,
              33.25
            ],
            [
              104.65,
              33.75
            ],
            [
              105.35,
              33.75
            ],
            [
              106.05,
              33.75
            ],
            [
              106.75,
              33.75
            ],
            [
              106.75,
              34.25
            ],
            [
              107.44999999999999,
              34.25
            ],
            [
              108.15,
              34.25
            ],
            [
              108.15,
              34.75
            ],
            [
              108.85,
              34.75
            ],
            [
              109.55,
              34.75
            ],
            [
              109.55,
              35.25
            ],
            [
              110.25,
              35.25
            ],
            [
              110.25,
              35.75
            ],
            [
              110.94999999999999,
              35.75
            ],
            [
              111.65,
              35.75
            ],
            [
              111.65,
              36.25
            ],
            [
              112.35,
              36.25
            ],
            [
              113.05,
              36.25
            ],
            [
              113.05,
              36.75
            ],
            [
              113.75,
              36.75
            ],
            [
              114.44999999999999,
              36.75
            ],
            [
              115.15,
              36.75
            ],
            [
              115.85,
              36.75
            ],
            [
              116.55,
              36.75
            ],
            [
              117.25,
              36.75
            ],
            [
              117.94999999999999,
              36.75
            ],
            [
              118.65,
              36.75
            ],
            [
              118.65,
              36.25
            ],
            [
              119.35,
              36.25
            ],
            [
              119.35,
              35.75
            ],
            [
              119.35,
              35.25
            ],
            [
              120.05,
              35.25
            ],
            [
              120.05,
              34.75
            ],
            [
              120.05,
              34.25
            ],
            [
              120.05,
              33.75
            ],
            [
              120.75,
              33.75
            ],
            [
              121.44999999999999,
              33.75
            ],
            [
              121.44999999999999,
              33.25
            ],
            [
              121.44999999999999,
              32.75
            ],
            [
              122.15,
              32.75
            ],
            [
              122.15,
              32.25
            ],
            [
              122.15,
              31.75
            ],
            [
              121.44999999999999,
              31.75
            ],
            [
              121.44999999999999,
              31.25
            ],
            [
              120.75,
              31.25
            ],
            [
              120.75,
              30.75
            ],
            [
              120.05,
              30.75
            ],
            [
              119.35,
              30.75
            ],
            [
              118.65,
              30.75
            ],
            [
              117.94999999999999,
              30.75
            ],
            [
              117.94999999999999,
              30.25
            ],
            [
              117.25,
              30.25
            ],
            [
              116.55,
              30.25
            ],
            [
              115.85,
              30.25
            ],
            [
              115.15,
              30.25
            ],
            [
              114.44999999999999,
              30.25
            ],
            [
              113.75,
              30.25
            ],
            [
              113.05,
              30.25
            ],
            [
              112.35,
              30.25
            ],
            [
              111.65,
              30.25
            ],
            [
              110.94999999999999,
              30.25
            ],
            [
              110.94999999999999,
              29.75
            ],
            [
              110.94999999999999,
              29.25
            ],
            [
              110.25,
              29.25
            ],
            [
              110.25,
              28.75
            ],
            [
              109.55,
              28.75
            ],
            [
              109.55,
              28.25
            ],
            [
              109.55,
              27.75
            ],
            [
              108.85,
              27.75
            ],
            [
              108.15,
              27.75
            ],
            [
              107.44999999999999,
              27.75
            ],
            [
              106.75,
              27.75
            ],
            [
              106.05,
              27.75
            ],
            [
              106.05,
              28.25
            ],
            [
              105.35,
              28.25
            ]
          ]
        ]
      },
      "properties": {
        "id": "heavy_rain_risk_001",
        "feature_type": "heavy_rain_risk",
        "title": "强降水潜势区",
        "rank": 1,
        "risk_level": "high",
        "zone": "core",
        "confidence": 0.85,
        "point_count": 309,
        "core_point_count": 107,
        "centroid": [
          111.96148867313913,
          32.42394822006472
        ],
        "bbox": [
          101.85,
          27.75,
          122.15,
          36.75
        ],
        "max_value": 0.8499987029660188,
        "mean_value": 0.7214449432954666,
        "score_threshold": 0.62,
        "high_score_threshold": 0.75,
        "dominant_factors": [
          {
            "factor": "upward_motion",
            "label": "700hPa 上升运动",
            "weight": 0.2,
            "mean_score": 0.865,
            "mean_contribution": 0.173
          },
          {
            "factor": "moisture_convergence",
            "label": "水汽辐合",
            "weight": 0.25,
            "mean_score": 0.646,
            "mean_contribution": 0.161
          },
          {
            "factor": "moisture_flux",
            "label": "水汽通量",
            "weight": 0.2,
            "mean_score": 0.777,
            "mean_contribution": 0.155
          }
        ],
        "evidence": [
          "水汽输送、水汽辐合、低层辐合、上升运动和热力条件综合评分较高",
          "综合评分最大值 0.85，平均值 0.72",
          "核心区格点 107 个达到 0.75 高潜势阈值",
          "主导因子：700hPa 上升运动 0.17、水汽辐合 0.16、水汽通量 0.15",
          "关联天气系统：850hPa 低层辐合区、850hPa 低空急流轴、850hPa 水汽输送带"
        ],
        "supporting_systems": [
          {
            "id": "low_level_convergence_001",
            "system_id": "low_level_convergence_001",
            "type": "low_level_convergence",
            "name": "850hPa 低层辐合区",
            "relation": "overlap",
            "distance_degrees": 0.0,
            "relevance": 0.965,
            "reason": "低层辐合区与风险区空间重叠，可作为天气学支撑系统"
          },
          {
            "id": "low_level_jet_001",
            "system_id": "low_level_jet_001",
            "type": "low_level_jet",
            "name": "850hPa 低空急流轴",
            "relation": "overlap",
            "distance_degrees": 0.0,
            "relevance": 0.944,
            "reason": "低空急流与风险区空间重叠，可作为天气学支撑系统"
          },
          {
            "id": "moisture_transport_001",
            "system_id": "moisture_transport_001",
            "type": "moisture_transport",
            "name": "850hPa 水汽输送带",
            "relation": "overlap",
            "distance_degrees": 0.0,
            "relevance": 0.93,
            "reason": "水汽输送带与风险区空间重叠，可作为天气学支撑系统"
          },
          {
            "id": "upper_divergence_001",
            "system_id": "upper_divergence_001",
            "type": "upper_divergence",
            "name": "200hPa 高空辐散区",
            "relation": "overlap",
            "distance_degrees": 0.0,
            "relevance": 0.825,
            "reason": "高空辐散区与风险区空间重叠，可作为天气学支撑系统"
          },
          {
            "id": "front_candidate_001",
            "system_id": "front_candidate_001",
            "type": "front_candidate",
            "name": "锋面候选区",
            "relation": "overlap",
            "distance_degrees": 0.0,
            "relevance": 0.804,
            "reason": "锋面候选区与风险区空间重叠，可作为天气学支撑系统"
          }
        ]
      }
    },
    {
      "type": "Feature",
      "geometry": {
        "type": "Polygon",
        "coordinates": [
          [
            [
              97.65,
              26.75
            ],
            [
              97.65,
              27.25
            ],
            [
              97.65,
              27.75
            ],
            [
              98.35,
              27.75
            ],
            [
              98.35,
              28.25
            ],
            [
              99.05000000000001,
              28.25
            ],
            [
              99.05000000000001,
              28.75
            ],
            [
              98.35,
              28.75
            ],
            [
              97.65,
              28.75
            ],
            [
              97.65,
              28.25
            ],
            [
              96.94999999999999,
              28.25
            ],
            [
              96.25,
              28.25
            ],
            [
              96.25,
              28.75
            ],
            [
              95.55000000000001,
              28.75
            ],
            [
              94.85,
              28.75
            ],
            [
              94.85,
              29.25
            ],
            [
              94.85,
              29.75
            ],
            [
              94.15,
              29.75
            ],
            [
              93.44999999999999,
              29.75
            ],
            [
              93.44999999999999,
              30.25
            ],
            [
              94.15,
              30.25
            ],
            [
              94.15,
              30.75
            ],
            [
              94.85,
              30.75
            ],
            [
              95.55000000000001,
              30.75
            ],
            [
              95.55000000000001,
              31.25
            ],
            [
              95.55000000000001,
              31.75
            ],
            [
              96.25,
              31.75
            ],
            [
              96.25,
              31.25
            ],
            [
              96.94999999999999,
              31.25
            ],
            [
              96.94999999999999,
              30.75
            ],
            [
              97.65,
              30.75
            ],
            [
              97.65,
              31.25
            ],
            [
              97.65,
              31.75
            ],
            [
              98.35,
              31.75
            ],
            [
              99.05000000000001,
              31.75
            ],
            [
              99.75,
              31.75
            ],
            [
              99.75,
              32.25
            ],
            [
              99.05000000000001,
              32.25
            ],
            [
              99.05000000000001,
              32.75
            ],
            [
              99.75,
              32.75
            ],
            [
              99.75,
              33.25
            ],
            [
              100.44999999999999,
              33.25
            ],
            [
              101.15,
              33.25
            ],
            [
              101.85,
              33.25
            ],
            [
              102.55,
              33.25
            ],
            [
              102.55,
              32.75
            ],
            [
              103.25,
              32.75
            ],
            [
              103.25,
              33.25
            ],
            [
              103.94999999999999,
              33.25
            ],
            [
              103.94999999999999,
              33.75
            ],
            [
              104.65,
              33.75
            ],
            [
              104.65,
              33.25
            ],
            [
              105.35,
              33.25
            ],
            [
              105.35,
              33.75
            ],
            [
              106.05,
              33.75
            ],
            [
              106.75,
              33.75
            ],
            [
              106.75,
              33.25
            ],
            [
              107.44999999999999,
              33.25
            ],
            [
              107.44999999999999,
              33.75
            ],
            [
              108.15,
              33.75
            ],
            [
              108.15,
              34.25
            ],
            [
              108.85,
              34.25
            ],
            [
              108.85,
              33.75
            ],
            [
              109.55,
              33.75
            ],
            [
              109.55,
              34.25
            ],
            [
              110.25,
              34.25
            ],
            [
              110.25,
              34.75
            ],
            [
              110.25,
              35.25
            ],
            [
              110.94999999999999,
              35.25
            ],
            [
              110.94999999999999,
              34.75
            ],
            [
              111.65,
              34.75
            ],
            [
              112.35,
              34.75
            ],
            [
              113.05,
              34.75
            ],
            [
              113.75,
              34.75
            ],
            [
              114.44999999999999,
              34.75
            ],
            [
              114.44999999999999,
              34.25
            ],
            [
              115.15,
              34.25
            ],
            [
              115.15,
              33.75
            ],
            [
              114.44999999999999,
              33.75
            ],
            [
              114.44999999999999,
              33.25
            ],
            [
              115.15,
              33.25
            ],
            [
              115.85,
              33.25
            ],
            [
              115.85,
              32.75
            ],
            [
              116.55,
              32.75
            ],
            [
              117.25,
              32.75
            ],
            [
              117.94999999999999,
              32.75
            ],
            [
              117.94999999999999,
              32.25
            ],
            [
              118.65,
              32.25
            ],
            [
              118.65,
              32.75
            ],
            [
              118.65,
              33.25
            ],
            [
              119.35,
              33.25
            ],
            [
              119.35,
              32.75
            ],
            [
              120.05,
              32.75
            ],
            [
              120.05,
              32.25
            ],
            [
              120.75,
              32.25
            ],
            [
              120.75,
              31.75
            ],
            [
              120.75,
              31.25
            ],
            [
              121.44999999999999,
              31.25
            ],
            [
              122.15,
              31.25
            ],
            [
              122.15,
              31.75
            ],
            [
              122.15,
              32.25
            ],
            [
              122.85,
              32.25
            ],
            [
              122.85,
              31.75
            ],
            [
              122.85,
              31.25
            ],
            [
              122.85,
              30.75
            ],
            [
              123.55,
              30.75
            ],
            [
              123.55,
              30.25
            ],
            [
              122.85,
              30.25
            ],
            [
              122.85,
              29.75
            ],
            [
              122.85,
              29.25
            ],
            [
              122.15,
              29.25
            ],
            [
              122.15,
              29.75
            ],
            [
              121.44999999999999,
              29.75
            ],
            [
              120.75,
              29.75
            ],
            [
              120.05,
              29.75
            ],
            [
              119.35,
              29.75
            ],
            [
              119.35,
              29.25
            ],
            [
              119.35,
              28.75
            ],
            [
              119.35,
              28.25
            ],
            [
              118.65,
              28.25
            ],
            [
              117.94999999999999,
              28.25
            ],
            [
              117.94999999999999,
              28.75
            ],
            [
              117.25,
              28.75
            ],
            [
              117.25,
              28.25
            ],
            [
              116.55,
              28.25
            ],
            [
              116.55,
              28.75
            ],
            [
              115.85,
              28.75
            ],
            [
              115.85,
              28.25
            ],
            [
              115.15,
              28.25
            ],
            [
              115.15,
              27.75
            ],
            [
              114.44999999999999,
              27.75
            ],
            [
              113.75,
              27.75
            ],
            [
              113.75,
              27.25
            ],
            [
              113.05,
              27.25
            ],
            [
              112.35,
              27.25
            ],
            [
              112.35,
              27.75
            ],
            [
              111.65,
              27.75
            ],
            [
              111.65,
              27.25
            ],
            [
              110.94999999999999,
              27.25
            ],
            [
              110.25,
              27.25
            ],
            [
              110.25,
              27.75
            ],
            [
              109.55,
              27.75
            ],
            [
              109.55,
              27.25
            ],
            [
              109.55,
              26.75
            ],
            [
              109.55,
              26.25
            ],
            [
              108.85,
              26.25
            ],
            [
              108.15,
              26.25
            ],
            [
              107.44999999999999,
              26.25
            ],
            [
              107.44999999999999,
              25.75
            ],
            [
              106.75,
              25.75
            ],
            [
              106.75,
              26.25
            ],
            [
              106.05,
              26.25
            ],
            [
              106.05,
              25.75
            ],
            [
              105.35,
              25.75
            ],
            [
              105.35,
              25.25
            ],
            [
              104.65,
              25.25
            ],
            [
              104.65,
              25.75
            ],
            [
              103.94999999999999,
              25.75
            ],
            [
              103.94999999999999,
              26.25
            ],
            [
              103.25,
              26.25
            ],
            [
              102.55,
              26.25
            ],
            [
              101.85,
              26.25
            ],
            [
              101.15,
              26.25
            ],
            [
              101.15,
              25.75
            ],
            [
              100.44999999999999,
              25.75
            ],
            [
              100.44999999999999,
              26.25
            ],
            [
              99.75,
              26.25
            ],
            [
              99.05000000000001,
              26.25
            ],
            [
              98.35,
              26.25
            ],
            [
              97.65,
              26.25
            ],
            [
              97.65,
              26.75
            ]
          ],
          [
            [
              95.55000000000001,
              29.75
            ],
            [
              95.55000000000001,
              30.25
            ],
            [
              94.85,
              30.25
            ],
            [
              94.85,
              29.75
            ],
            [
              95.55000000000001,
              29.75
            ]
          ],
          [
            [
              110.25,
              33.75
            ],
            [
              110.25,
              33.25
            ],
            [
              110.25,
              32.75
            ],
            [
              110.94999999999999,
              32.75
            ],
            [
              111.65,
              32.75
            ],
            [
              111.65,
              33.25
            ],
            [
              112.35,
              33.25
            ],
            [
              112.35,
              32.75
            ],
            [
              113.05,
              32.75
            ],
            [
              113.05,
              33.25
            ],
            [
              113.05,
              33.75
            ],
            [
              113.75,
              33.75
            ],
            [
              113.75,
              34.25
            ],
            [
              113.05,
              34.25
            ],
            [
              112.35,
              34.25
            ],
            [
              112.35,
              33.75
            ],
            [
              111.65,
              33.75
            ],
            [
              111.65,
              34.25
            ],
            [
              110.94999999999999,
              34.25
            ],
            [
              110.25,
              34.25
            ],
            [
              110.25,
              33.75
            ]
          ],
          [
            [
              113.75,
              33.25
            ],
            [
              113.75,
              32.75
            ],
            [
              113.75,
              32.25
            ],
            [
              114.44999999999999,
              32.25
            ],
            [
              114.44999999999999,
              32.75
            ],
            [
              114.44999999999999,
              33.25
            ],
            [
              113.75,
              33.25
            ]
          ],
          [
            [
              117.25,
              32.25
            ],
            [
              117.25,
              31.75
            ],
            [
              117.25,
              31.25
            ],
            [
              117.94999999999999,
              31.25
            ],
            [
              117.94999999999999,
              31.75
            ],
            [
              117.94999999999999,
              32.25
            ],
            [
              117.25,
              32.25
            ]
          ],
          [
            [
              120.05,
              31.25
            ],
            [
              120.05,
              30.75
            ],
            [
              120.75,
              30.75
            ],
            [
              120.75,
              31.25
            ],
            [
              120.05,
              31.25
            ]
          ],
          [
            [
              118.65,
              28.75
            ],
            [
              118.65,
              29.25
            ],
            [
              117.94999999999999,
              29.25
            ],
            [
              117.94999999999999,
              28.75
            ],
            [
              118.65,
              28.75
            ]
          ],
          [
            [
              106.05,
              26.75
            ],
            [
              105.35,
              26.75
            ],
            [
              105.35,
              26.25
            ],
            [
              106.05,
              26.25
            ],
            [
              106.05,
              26.75
            ]
          ],
          [
            [
              99.75,
              27.25
            ],
            [
              99.75,
              27.75
            ],
            [
              99.05000000000001,
              27.75
            ],
            [
              99.05000000000001,
              27.25
            ],
            [
              99.75,
              27.25
            ]
          ],
          [
            [
              97.65,
              30.25
            ],
            [
              96.94999999999999,
              30.25
            ],
            [
              96.94999999999999,
              29.75
            ],
            [
              97.65,
              29.75
            ],
            [
              97.65,
              30.25
            ]
          ],
          [
            [
              101.15,
              27.75
            ],
            [
              100.44999999999999,
              27.75
            ],
            [
              100.44999999999999,
              27.25
            ],
            [
              101.15,
              27.25
            ],
            [
              101.85,
              27.25
            ],
            [
              101.85,
              27.75
            ],
            [
              101.15,
              27.75
            ]
          ],
          [
            [
              110.25,
              32.25
            ],
            [
              110.25,
              31.75
            ],
            [
              110.94999999999999,
              31.75
            ],
            [
              110.94999999999999,
              31.25
            ],
            [
              111.65,
              31.25
            ],
            [
              112.35,
              31.25
            ],
            [
              112.35,
              31.75
            ],
            [
              111.65,
              31.75
            ],
            [
              111.65,
              32.25
            ],
            [
              110.94999999999999,
              32.25
            ],
            [
              110.25,
              32.25
            ]
          ],
          [
            [
              110.25,
              31.25
            ],
            [
              110.25,
              30.75
            ],
            [
              110.94999999999999,
              30.75
            ],
            [
              110.94999999999999,
              31.25
            ],
            [
              110.25,
              31.25
            ]
          ],
          [
            [
              110.94999999999999,
              29.75
            ],
            [
              110.94999999999999,
              29.25
            ],
            [
              111.65,
              29.25
            ],
            [
              112.35,
              29.25
            ],
            [
              112.35,
              29.75
            ],
            [
              111.65,
              29.75
            ],
            [
              111.65,
              30.25
            ],
            [
              110.94999999999999,
              30.25
            ],
            [
              110.94999999999999,
              29.75
            ]
          ],
          [
            [
              112.35,
              28.75
            ],
            [
              113.05,
              28.75
            ],
            [
              113.05,
              29.25
            ],
            [
              112.35,
              29.25
            ],
            [
              112.35,
              28.75
            ]
          ],
          [
            [
              113.75,
              29.25
            ],
            [
              113.75,
              29.75
            ],
            [
              113.05,
              29.75
            ],
            [
              113.05,
              29.25
            ],
            [
              113.75,
              29.25
            ]
          ],
          [
            [
              113.75,
              28.75
            ],
            [
              114.44999999999999,
              28.75
            ],
            [
              114.44999999999999,
              29.25
            ],
            [
              113.75,
              29.25
            ],
            [
              113.75,
              28.75
            ]
          ],
          [
            [
              115.15,
              30.75
            ],
            [
              114.44999999999999,
              30.75
            ],
            [
              114.44999999999999,
              30.25
            ],
            [
              115.15,
              30.25
            ],
            [
              115.85,
              30.25
            ],
            [
              115.85,
              30.75
            ],
            [
              115.85,
              31.25
            ],
            [
              115.85,
              31.75
            ],
            [
              115.15,
              31.75
            ],
            [
              115.15,
              31.25
            ],
            [
              115.15,
              30.75
            ]
          ],
          [
            [
              114.44999999999999,
              31.25
            ],
            [
              114.44999999999999,
              31.75
            ],
            [
              113.75,
              31.75
            ],
            [
              113.05,
              31.75
            ],
            [
              113.05,
              31.25
            ],
            [
              113.75,
              31.25
            ],
            [
              113.75,
              30.75
            ],
            [
              114.44999999999999,
              30.75
            ],
            [
              114.44999999999999,
              31.25
            ]
          ],
          [
            [
              115.85,
              29.75
            ],
            [
              115.15,
              29.75
            ],
            [
              115.15,
              29.25
            ],
            [
              115.85,
              29.25
            ],
            [
              115.85,
              29.75
            ]
          ],
          [
            [
              117.25,
              30.75
            ],
            [
              117.25,
              30.25
            ],
            [
              116.55,
              30.25
            ],
            [
              116.55,
              29.75
            ],
            [
              117.25,
              29.75
            ],
            [
              117.94999999999999,
              29.75
            ],
            [
              117.94999999999999,
              30.25
            ],
            [
              117.94999999999999,
              30.75
            ],
            [
              117.25,
              30.75
            ]
          ],
          [
            [
              121.44999999999999,
              30.75
            ],
            [
              121.44999999999999,
              30.25
            ],
            [
              122.15,
              30.25
            ],
            [
              122.15,
              30.75
            ],
            [
              121.44999999999999,
              30.75
            ]
          ]
        ]
      },
      "properties": {
        "id": "convection_risk_001",
        "feature_type": "convection_risk",
        "title": "强对流潜势区",
        "rank": 1,
        "risk_level": "high",
        "zone": "core",
        "confidence": 0.87,
        "point_count": 408,
        "core_point_count": 176,
        "centroid": [
          107.65416666666665,
          30.11519607843137
        ],
        "bbox": [
          93.44999999999999,
          25.25,
          123.55,
          35.25
        ],
        "max_value": 0.9230834446769888,
        "mean_value": 0.7163587741452423,
        "score_threshold": 0.6,
        "high_score_threshold": 0.72,
        "dominant_factors": [
          {
            "factor": "cape",
            "label": "CAPE",
            "weight": 0.28,
            "mean_score": 0.908,
            "mean_contribution": 0.254
          },
          {
            "factor": "shear_0_6km",
            "label": "0-6km 风切变",
            "weight": 0.22,
            "mean_score": 0.575,
            "mean_contribution": 0.127
          },
          {
            "factor": "moisture",
            "label": "低层水汽",
            "weight": 0.13,
            "mean_score": 0.919,
            "mean_contribution": 0.119
          }
        ],
        "evidence": [
          "CAPE、CIN、风切变、低层水汽、低层触发条件综合评分较高",
          "综合评分最大值 0.92，平均值 0.72",
          "核心区格点 176 个达到 0.72 高潜势阈值",
          "主导因子：CAPE 0.25、0-6km 风切变 0.13、低层水汽 0.12",
          "关联天气系统：850hPa 低层辐合区、200hPa 高空辐散区、锋面候选区"
        ],
        "supporting_systems": [
          {
            "id": "low_level_convergence_001",
            "system_id": "low_level_convergence_001",
            "type": "low_level_convergence",
            "name": "850hPa 低层辐合区",
            "relation": "overlap",
            "distance_degrees": 0.0,
            "relevance": 1.0,
            "reason": "低层辐合区与风险区空间重叠，可作为天气学支撑系统"
          },
          {
            "id": "upper_divergence_001",
            "system_id": "upper_divergence_001",
            "type": "upper_divergence",
            "name": "200hPa 高空辐散区",
            "relation": "overlap",
            "distance_degrees": 0.0,
            "relevance": 0.965,
            "reason": "高空辐散区与风险区空间重叠，可作为天气学支撑系统"
          },
          {
            "id": "front_candidate_001",
            "system_id": "front_candidate_001",
            "type": "front_candidate",
            "name": "锋面候选区",
            "relation": "overlap",
            "distance_degrees": 0.0,
            "relevance": 0.902,
            "reason": "锋面候选区与风险区空间重叠，可作为天气学支撑系统"
          },
          {
            "id": "trough_003",
            "system_id": "trough_003",
            "type": "trough",
            "name": "500hPa 槽线",
            "relation": "overlap",
            "distance_degrees": 0.0,
            "relevance": 0.832,
            "reason": "槽线与风险区空间重叠，可作为天气学支撑系统"
          },
          {
            "id": "low_level_jet_001",
            "system_id": "low_level_jet_001",
            "type": "low_level_jet",
            "name": "850hPa 低空急流轴",
            "relation": "overlap",
            "distance_degrees": 0.0,
            "relevance": 0.804,
            "reason": "低空急流与风险区空间重叠，可作为天气学支撑系统"
          }
        ]
      }
    },
    {
      "type": "Feature",
      "geometry": {
        "type": "Polygon",
        "coordinates": [
          [
            [
              103.94999999999999,
              29.25
            ],
            [
              103.94999999999999,
              29.75
            ],
            [
              103.25,
              29.75
            ],
            [
              103.25,
              30.25
            ],
            [
              102.55,
              30.25
            ],
            [
              102.55,
              30.75
            ],
            [
              102.55,
              31.25
            ],
            [
              101.85,
              31.25
            ],
            [
              101.85,
              31.75
            ],
            [
              101.85,
              32.25
            ],
            [
              102.55,
              32.25
            ],
            [
              102.55,
              32.75
            ],
            [
              103.25,
              32.75
            ],
            [
              103.25,
              33.25
            ],
            [
              103.94999999999999,
              33.25
            ],
            [
              104.65,
              33.25
            ],
            [
              104.65,
              33.75
            ],
            [
              105.35,
              33.75
            ],
            [
              106.05,
              33.75
            ],
            [
              106.05,
              34.25
            ],
            [
              106.75,
              34.25
            ],
            [
              107.44999999999999,
              34.25
            ],
            [
              108.15,
              34.25
            ],
            [
              108.15,
              34.75
            ],
            [
              108.85,
              34.75
            ],
            [
              108.85,
              35.25
            ],
            [
              109.55,
              35.25
            ],
            [
              110.25,
              35.25
            ],
            [
              110.25,
              35.75
            ],
            [
              110.94999999999999,
              35.75
            ],
            [
              111.65,
              35.75
            ],
            [
              111.65,
              36.25
            ],
            [
              112.35,
              36.25
            ],
            [
              113.05,
              36.25
            ],
            [
              113.05,
              36.75
            ],
            [
              113.75,
              36.75
            ],
            [
              114.44999999999999,
              36.75
            ],
            [
              115.15,
              36.75
            ],
            [
              115.85,
              36.75
            ],
            [
              116.55,
              36.75
            ],
            [
              117.25,
              36.75
            ],
            [
              117.94999999999999,
              36.75
            ],
            [
              117.94999999999999,
              36.25
            ],
            [
              118.65,
              36.25
            ],
            [
              118.65,
              35.75
            ],
            [
              119.35,
              35.75
            ],
            [
              119.35,
              35.25
            ],
            [
              119.35,
              34.75
            ],
            [
              119.35,
              34.25
            ],
            [
              120.05,
              34.25
            ],
            [
              120.05,
              33.75
            ],
            [
              120.75,
              33.75
            ],
            [
              120.75,
              33.25
            ],
            [
              120.75,
              32.75
            ],
            [
              121.44999999999999,
              32.75
            ],
            [
              121.44999999999999,
              32.25
            ],
            [
              121.44999999999999,
              31.75
            ],
            [
              120.75,
              31.75
            ],
            [
              120.75,
              31.25
            ],
            [
              120.05,
              31.25
            ],
            [
              120.05,
              30.75
            ],
            [
              119.35,
              30.75
            ],
            [
              118.65,
              30.75
            ],
            [
              117.94999999999999,
              30.75
            ],
            [
              117.94999999999999,
              30.25
            ],
            [
              117.25,
              30.25
            ],
            [
              116.55,
              30.25
            ],
            [
              115.85,
              30.25
            ],
            [
              115.85,
              29.75
            ],
            [
              115.15,
              29.75
            ],
            [
              114.44999999999999,
              29.75
            ],
            [
              113.75,
              29.75
            ],
            [
              113.05,
              29.75
            ],
            [
              112.35,
              29.75
            ],
            [
              111.65,
              29.75
            ],
            [
              110.94999999999999,
              29.75
            ],
            [
              110.94999999999999,
              29.25
            ],
            [
              110.94999999999999,
              28.75
            ],
            [
              110.25,
              28.75
            ],
            [
              110.25,
              28.25
            ],
            [
              109.55,
              28.25
            ],
            [
              109.55,
              27.75
            ],
            [
              108.85,
              27.75
            ],
            [
              108.15,
              27.75
            ],
            [
              107.44999999999999,
              27.75
            ],
            [
              106.75,
              27.75
            ],
            [
              106.75,
              28.25
            ],
            [
              106.05,
              28.25
            ],
            [
              105.35,
              28.25
            ],
            [
              105.35,
              28.75
            ],
            [
              104.65,
              28.75
            ],
            [
              104.65,
              29.25
            ],
            [
              103.94999999999999,
              29.25
            ]
          ]
        ]
      },
      "properties": {
        "id": "persistent_heavy_rain_risk_001",
        "feature_type": "persistent_heavy_rain_risk",
        "title": "持续性强降水风险区",
        "rank": 1,
        "risk_level": "high",
        "zone": "core",
        "confidence": 0.84,
        "point_count": 306,
        "core_point_count": 102,
        "centroid": [
          111.7781045751634,
          32.37581699346405
        ],
        "bbox": [
          101.85,
          27.75,
          121.44999999999999,
          36.75
        ],
        "max_value": 0.8399999999999999,
        "mean_value": 0.7112947366198049,
        "score_threshold": 0.6,
        "high_score_threshold": 0.75,
        "dominant_factors": [
          {
            "factor": "upward_motion",
            "label": "700hPa 上升运动",
            "weight": 0.2,
            "mean_score": 0.886,
            "mean_contribution": 0.177
          },
          {
            "factor": "moisture_flux",
            "label": "水汽通量",
            "weight": 0.22,
            "mean_score": 0.781,
            "mean_contribution": 0.172
          },
          {
            "factor": "precipitation",
            "label": "模式降水",
            "weight": 0.18,
            "mean_score": 0.875,
            "mean_contribution": 0.158
          }
        ],
        "evidence": [
          "持续性强降水综合评分较高",
          "综合评分最大值 0.84，平均值 0.71",
          "核心区格点 102 个达到 0.75 高潜势阈值",
          "主导因子：700hPa 上升运动 0.18、水汽通量 0.17、模式降水 0.16",
          "关联天气系统：850hPa 低层辐合区、850hPa 低空急流轴、850hPa 水汽输送带"
        ],
        "hazard_type": "persistent_heavy_rain",
        "risk_domain": [
          "precipitation"
        ],
        "mechanism_tags": [
          "persistent_moisture_transport",
          "large_scale_lift"
        ],
        "source_grid": "risk_persistent_heavy_rain_score",
        "supporting_systems": [
          {
            "id": "low_level_convergence_001",
            "system_id": "low_level_convergence_001",
            "type": "low_level_convergence",
            "name": "850hPa 低层辐合区",
            "relation": "overlap",
            "distance_degrees": 0.0,
            "relevance": 0.965,
            "reason": "低层辐合区与风险区空间重叠，可作为天气学支撑系统"
          },
          {
            "id": "low_level_jet_001",
            "system_id": "low_level_jet_001",
            "type": "low_level_jet",
            "name": "850hPa 低空急流轴",
            "relation": "overlap",
            "distance_degrees": 0.0,
            "relevance": 0.944,
            "reason": "低空急流与风险区空间重叠，可作为天气学支撑系统"
          },
          {
            "id": "moisture_transport_001",
            "system_id": "moisture_transport_001",
            "type": "moisture_transport",
            "name": "850hPa 水汽输送带",
            "relation": "overlap",
            "distance_degrees": 0.0,
            "relevance": 0.93,
            "reason": "水汽输送带与风险区空间重叠，可作为天气学支撑系统"
          },
          {
            "id": "upper_divergence_001",
            "system_id": "upper_divergence_001",
            "type": "upper_divergence",
            "name": "200hPa 高空辐散区",
            "relation": "overlap",
            "distance_degrees": 0.0,
            "relevance": 0.825,
            "reason": "高空辐散区与风险区空间重叠，可作为天气学支撑系统"
          },
          {
            "id": "front_candidate_001",
            "system_id": "front_candidate_001",
            "type": "front_candidate",
            "name": "锋面候选区",
            "relation": "overlap",
            "distance_degrees": 0.0,
            "relevance": 0.804,
            "reason": "锋面候选区与风险区空间重叠，可作为天气学支撑系统"
          }
        ]
      }
    },
    {
      "type": "Feature",
      "geometry": {
        "type": "Polygon",
        "coordinates": [
          [
            [
              98.35,
              27.75
            ],
            [
              98.35,
              28.25
            ],
            [
              97.65,
              28.25
            ],
            [
              97.65,
              28.75
            ],
            [
              97.65,
              29.25
            ],
            [
              97.65,
              29.75
            ],
            [
              97.65,
              30.25
            ],
            [
              98.35,
              30.25
            ],
            [
              98.35,
              30.75
            ],
            [
              98.35,
              31.25
            ],
            [
              98.35,
              31.75
            ],
            [
              99.05000000000001,
              31.75
            ],
            [
              99.05000000000001,
              32.25
            ],
            [
              99.75,
              32.25
            ],
            [
              99.75,
              32.75
            ],
            [
              100.44999999999999,
              32.75
            ],
            [
              101.15,
              32.75
            ],
            [
              101.85,
              32.75
            ],
            [
              101.85,
              33.25
            ],
            [
              102.55,
              33.25
            ],
            [
              103.25,
              33.25
            ],
            [
              103.94999999999999,
              33.25
            ],
            [
              104.65,
              33.25
            ],
            [
              104.65,
              33.75
            ],
            [
              105.35,
              33.75
            ],
            [
              106.05,
              33.75
            ],
            [
              106.75,
              33.75
            ],
            [
              107.44999999999999,
              33.75
            ],
            [
              107.44999999999999,
              34.25
            ],
            [
              108.15,
              34.25
            ],
            [
              108.85,
              34.25
            ],
            [
              109.55,
              34.25
            ],
            [
              109.55,
              34.75
            ],
            [
              110.25,
              34.75
            ],
            [
              110.94999999999999,
              34.75
            ],
            [
              110.94999999999999,
              35.25
            ],
            [
              111.65,
              35.25
            ],
            [
              112.35,
              35.25
            ],
            [
              112.35,
              35.75
            ],
            [
              113.05,
              35.75
            ],
            [
              113.05,
              36.25
            ],
            [
              113.75,
              36.25
            ],
            [
              114.44999999999999,
              36.25
            ],
            [
              114.44999999999999,
              36.75
            ],
            [
              115.15,
              36.75
            ],
            [
              115.85,
              36.75
            ],
            [
              116.55,
              36.75
            ],
            [
              117.25,
              36.75
            ],
            [
              117.94999999999999,
              36.75
            ],
            [
              118.65,
              36.75
            ],
            [
              118.65,
              36.25
            ],
            [
              119.35,
              36.25
            ],
            [
              119.35,
              35.75
            ],
            [
              120.05,
              35.75
            ],
            [
              120.05,
              35.25
            ],
            [
              120.05,
              34.75
            ],
            [
              120.05,
              34.25
            ],
            [
              120.75,
              34.25
            ],
            [
              120.75,
              33.75
            ],
            [
              121.44999999999999,
              33.75
            ],
            [
              122.15,
              33.75
            ],
            [
              122.15,
              33.25
            ],
            [
              122.85,
              33.25
            ],
            [
              123.55,
              33.25
            ],
            [
              123.55,
              32.75
            ],
            [
              124.25,
              32.75
            ],
            [
              124.25,
              32.25
            ],
            [
              124.25,
              31.75
            ],
            [
              123.55,
              31.75
            ],
            [
              123.55,
              31.25
            ],
            [
              122.85,
              31.25
            ],
            [
              122.85,
              30.75
            ],
            [
              122.15,
              30.75
            ],
            [
              121.44999999999999,
              30.75
            ],
            [
              121.44999999999999,
              30.25
            ],
            [
              120.75,
              30.25
            ],
            [
              120.05,
              30.25
            ],
            [
              119.35,
              30.25
            ],
            [
              118.65,
              30.25
            ],
            [
              117.94999999999999,
              30.25
            ],
            [
              117.25,
              30.25
            ],
            [
              117.25,
              29.75
            ],
            [
              116.55,
              29.75
            ],
            [
              115.85,
              29.75
            ],
            [
              115.15,
              29.75
            ],
            [
              115.15,
              30.25
            ],
            [
              114.44999999999999,
              30.25
            ],
            [
              113.75,
              30.25
            ],
            [
              113.05,
              30.25
            ],
            [
              112.35,
              30.25
            ],
            [
              111.65,
              30.25
            ],
            [
              110.94999999999999,
              30.25
            ],
            [
              110.94999999999999,
              29.75
            ],
            [
              110.94999999999999,
              29.25
            ],
            [
              110.94999999999999,
              28.75
            ],
            [
              110.94999999999999,
              28.25
            ],
            [
              110.25,
              28.25
            ],
            [
              110.25,
              27.75
            ],
            [
              110.25,
              27.25
            ],
            [
              109.55,
              27.25
            ],
            [
              109.55,
              26.75
            ],
            [
              108.85,
              26.75
            ],
            [
              108.85,
              26.25
            ],
            [
              108.15,
              26.25
            ],
            [
              107.44999999999999,
              26.25
            ],
            [
              106.75,
              26.25
            ],
            [
              106.05,
              26.25
            ],
            [
              105.35,
              26.25
            ],
            [
              104.65,
              26.25
            ],
            [
              103.94999999999999,
              26.25
            ],
            [
              103.94999999999999,
              26.75
            ],
            [
              103.25,
              26.75
            ],
            [
              102.55,
              26.75
            ],
            [
              101.85,
              26.75
            ],
            [
              101.15,
              26.75
            ],
            [
              101.15,
              27.25
            ],
            [
              100.44999999999999,
              27.25
            ],
            [
              99.75,
              27.25
            ],
            [
              99.75,
              27.75
            ],
            [
              99.05000000000001,
              27.75
            ],
            [
              98.35,
              27.75
            ]
          ]
        ]
      },
      "properties": {
        "id": "short_duration_heavy_rain_risk_001",
        "feature_type": "short_duration_heavy_rain_risk",
        "title": "短时强降水风险区",
        "rank": 1,
        "risk_level": "high",
        "zone": "core",
        "confidence": 0.84,
        "point_count": 434,
        "core_point_count": 109,
        "centroid": [
          110.15483870967743,
          31.42511520737327
        ],
        "bbox": [
          97.65,
          26.25,
          124.25,
          36.75
        ],
        "max_value": 0.8328795578810351,
        "mean_value": 0.6981271637693787,
        "score_threshold": 0.6,
        "high_score_threshold": 0.75,
        "dominant_factors": [
          {
            "factor": "k_index",
            "label": "K 指数",
            "weight": 0.18,
            "mean_score": 0.918,
            "mean_contribution": 0.165
          },
          {
            "factor": "cape",
            "label": "CAPE",
            "weight": 0.18,
            "mean_score": 0.878,
            "mean_contribution": 0.158
          },
          {
            "factor": "moisture_flux",
            "label": "水汽通量",
            "weight": 0.16,
            "mean_score": 0.785,
            "mean_contribution": 0.126
          }
        ],
        "evidence": [
          "短时强降水综合评分较高",
          "综合评分最大值 0.83，平均值 0.70",
          "核心区格点 109 个达到 0.75 高潜势阈值",
          "主导因子：K 指数 0.17、CAPE 0.16、水汽通量 0.13",
          "关联天气系统：850hPa 低层辐合区、850hPa 低空急流轴、850hPa 水汽输送带"
        ],
        "hazard_type": "short_duration_heavy_rain",
        "risk_domain": [
          "precipitation",
          "severe_convection"
        ],
        "mechanism_tags": [
          "convective",
          "low_level_convergence",
          "moisture_convergence"
        ],
        "source_grid": "risk_short_duration_heavy_rain_score",
        "supporting_systems": [
          {
            "id": "low_level_convergence_001",
            "system_id": "low_level_convergence_001",
            "type": "low_level_convergence",
            "name": "850hPa 低层辐合区",
            "relation": "overlap",
            "distance_degrees": 0.0,
            "relevance": 0.965,
            "reason": "低层辐合区与风险区空间重叠，可作为天气学支撑系统"
          },
          {
            "id": "low_level_jet_001",
            "system_id": "low_level_jet_001",
            "type": "low_level_jet",
            "name": "850hPa 低空急流轴",
            "relation": "overlap",
            "distance_degrees": 0.0,
            "relevance": 0.944,
            "reason": "低空急流与风险区空间重叠，可作为天气学支撑系统"
          },
          {
            "id": "moisture_transport_001",
            "system_id": "moisture_transport_001",
            "type": "moisture_transport",
            "name": "850hPa 水汽输送带",
            "relation": "overlap",
            "distance_degrees": 0.0,
            "relevance": 0.93,
            "reason": "水汽输送带与风险区空间重叠，可作为天气学支撑系统"
          },
          {
            "id": "upper_divergence_001",
            "system_id": "upper_divergence_001",
            "type": "upper_divergence",
            "name": "200hPa 高空辐散区",
            "relation": "overlap",
            "distance_degrees": 0.0,
            "relevance": 0.825,
            "reason": "高空辐散区与风险区空间重叠，可作为天气学支撑系统"
          },
          {
            "id": "front_candidate_001",
            "system_id": "front_candidate_001",
            "type": "front_candidate",
            "name": "锋面候选区",
            "relation": "overlap",
            "distance_degrees": 0.0,
            "relevance": 0.804,
            "reason": "锋面候选区与风险区空间重叠，可作为天气学支撑系统"
          }
        ]
      }
    },
    {
      "type": "Feature",
      "geometry": {
        "type": "Polygon",
        "coordinates": [
          [
            [
              101.15,
              27.75
            ],
            [
              101.15,
              28.25
            ],
            [
              100.44999999999999,
              28.25
            ],
            [
              99.75,
              28.25
            ],
            [
              99.75,
              28.75
            ],
            [
              100.44999999999999,
              28.75
            ],
            [
              100.44999999999999,
              29.25
            ],
            [
              101.15,
              29.25
            ],
            [
              101.15,
              29.75
            ],
            [
              100.44999999999999,
              29.75
            ],
            [
              99.75,
              29.75
            ],
            [
              99.75,
              30.25
            ],
            [
              100.44999999999999,
              30.25
            ],
            [
              100.44999999999999,
              30.75
            ],
            [
              101.15,
              30.75
            ],
            [
              101.15,
              31.25
            ],
            [
              101.85,
              31.25
            ],
            [
              101.85,
              31.75
            ],
            [
              101.85,
              32.25
            ],
            [
              102.55,
              32.25
            ],
            [
              103.25,
              32.25
            ],
            [
              103.25,
              32.75
            ],
            [
              103.94999999999999,
              32.75
            ],
            [
              103.94999999999999,
              32.25
            ],
            [
              104.65,
              32.25
            ],
            [
              104.65,
              32.75
            ],
            [
              104.65,
              33.25
            ],
            [
              105.35,
              33.25
            ],
            [
              106.05,
              33.25
            ],
            [
              106.05,
              33.75
            ],
            [
              106.75,
              33.75
            ],
            [
              106.75,
              33.25
            ],
            [
              107.44999999999999,
              33.25
            ],
            [
              107.44999999999999,
              33.75
            ],
            [
              108.15,
              33.75
            ],
            [
              108.15,
              34.25
            ],
            [
              108.85,
              34.25
            ],
            [
              108.85,
              33.75
            ],
            [
              109.55,
              33.75
            ],
            [
              110.25,
              33.75
            ],
            [
              110.25,
              33.25
            ],
            [
              110.25,
              32.75
            ],
            [
              110.94999999999999,
              32.75
            ],
            [
              111.65,
              32.75
            ],
            [
              111.65,
              33.25
            ],
            [
              112.35,
              33.25
            ],
            [
              112.35,
              32.75
            ],
            [
              113.05,
              32.75
            ],
            [
              113.05,
              33.25
            ],
            [
              113.75,
              33.25
            ],
            [
              113.75,
              32.75
            ],
            [
              113.75,
              32.25
            ],
            [
              114.44999999999999,
              32.25
            ],
            [
              114.44999999999999,
              32.75
            ],
            [
              114.44999999999999,
              33.25
            ],
            [
              115.15,
              33.25
            ],
            [
              115.15,
              32.75
            ],
            [
              115.85,
              32.75
            ],
            [
              116.55,
              32.75
            ],
            [
              116.55,
              32.25
            ],
            [
              117.25,
              32.25
            ],
            [
              117.25,
              31.75
            ],
            [
              117.25,
              31.25
            ],
            [
              117.94999999999999,
              31.25
            ],
            [
              117.94999999999999,
              31.75
            ],
            [
              117.94999999999999,
              32.25
            ],
            [
              118.65,
              32.25
            ],
            [
              119.35,
              32.25
            ],
            [
              119.35,
              32.75
            ],
            [
              120.05,
              32.75
            ],
            [
              120.05,
              32.25
            ],
            [
              120.75,
              32.25
            ],
            [
              120.75,
              31.75
            ],
            [
              120.75,
              31.25
            ],
            [
              121.44999999999999,
              31.25
            ],
            [
              122.15,
              31.25
            ],
            [
              122.15,
              31.75
            ],
            [
              122.15,
              32.25
            ],
            [
              122.85,
              32.25
            ],
            [
              122.85,
              31.75
            ],
            [
              123.55,
              31.75
            ],
            [
              123.55,
              31.25
            ],
            [
              122.85,
              31.25
            ],
            [
              122.85,
              30.75
            ],
            [
              123.55,
              30.75
            ],
            [
              123.55,
              30.25
            ],
            [
              124.25,
              30.25
            ],
            [
              124.25,
              29.75
            ],
            [
              123.55,
              29.75
            ],
            [
              122.85,
              29.75
            ],
            [
              122.85,
              29.25
            ],
            [
              122.15,
              29.25
            ],
            [
              122.15,
              29.75
            ],
            [
              121.44999999999999,
              29.75
            ],
            [
              120.75,
              29.75
            ],
            [
              120.05,
              29.75
            ],
            [
              119.35,
              29.75
            ],
            [
              119.35,
              29.25
            ],
            [
              119.35,
              28.75
            ],
            [
              119.35,
              28.25
            ],
            [
              118.65,
              28.25
            ],
            [
              117.94999999999999,
              28.25
            ],
            [
              117.94999999999999,
              28.75
            ],
            [
              117.25,
              28.75
            ],
            [
              117.25,
              28.25
            ],
            [
              117.25,
              27.75
            ],
            [
              116.55,
              27.75
            ],
            [
              116.55,
              28.25
            ],
            [
              116.55,
              28.75
            ],
            [
              115.85,
              28.75
            ],
            [
              115.85,
              28.25
            ],
            [
              115.15,
              28.25
            ],
            [
              115.15,
              27.75
            ],
            [
              114.44999999999999,
              27.75
            ],
            [
              114.44999999999999,
              27.25
            ],
            [
              113.75,
              27.25
            ],
            [
              113.05,
              27.25
            ],
            [
              112.35,
              27.25
            ],
            [
              112.35,
              27.75
            ],
            [
              111.65,
              27.75
            ],
            [
              111.65,
              27.25
            ],
            [
              110.94999999999999,
              27.25
            ],
            [
              110.94999999999999,
              27.75
            ],
            [
              110.25,
              27.75
            ],
            [
              109.55,
              27.75
            ],
            [
              109.55,
              27.25
            ],
            [
              109.55,
              26.75
            ],
            [
              108.85,
              26.75
            ],
            [
              108.85,
              26.25
            ],
            [
              108.15,
              26.25
            ],
            [
              108.15,
              26.75
            ],
            [
              108.15,
              27.25
            ],
            [
              107.44999999999999,
              27.25
            ],
            [
              106.75,
              27.25
            ],
            [
              106.75,
              27.75
            ],
            [
              106.05,
              27.75
            ],
            [
              105.35,
              27.75
            ],
            [
              104.65,
              27.75
            ],
            [
              104.65,
              28.25
            ],
            [
              103.94999999999999,
              28.25
            ],
            [
              103.94999999999999,
              27.75
            ],
            [
              103.25,
              27.75
            ],
            [
              102.55,
              27.75
            ],
            [
              101.85,
              27.75
            ],
            [
              101.15,
              27.75
            ]
          ],
          [
            [
              101.15,
              28.75
            ],
            [
              101.85,
              28.75
            ],
            [
              101.85,
              29.25
            ],
            [
              101.15,
              29.25
            ],
            [
              101.15,
              28.75
            ]
          ],
          [
            [
              101.85,
              30.75
            ],
            [
              102.55,
              30.75
            ],
            [
              102.55,
              31.25
            ],
            [
              101.85,
              31.25
            ],
            [
              101.85,
              30.75
            ]
          ],
          [
            [
              102.55,
              30.25
            ],
            [
              103.25,
              30.25
            ],
            [
              103.25,
              30.75
            ],
            [
              102.55,
              30.75
            ],
            [
              102.55,
              30.25
            ]
          ],
          [
            [
              120.05,
              31.25
            ],
            [
              120.05,
              30.75
            ],
            [
              120.75,
              30.75
            ],
            [
              120.75,
              31.25
            ],
            [
              120.05,
              31.25
            ]
          ],
          [
            [
              118.65,
              28.75
            ],
            [
              118.65,
              29.25
            ],
            [
              117.94999999999999,
              29.25
            ],
            [
              117.94999999999999,
              28.75
            ],
            [
              118.65,
              28.75
            ]
          ],
          [
            [
              108.85,
              27.25
            ],
            [
              108.85,
              27.75
            ],
            [
              108.15,
              27.75
            ],
            [
              108.15,
              27.25
            ],
            [
              108.85,
              27.25
            ]
          ],
          [
            [
              105.35,
              28.25
            ],
            [
              106.05,
              28.25
            ],
            [
              106.05,
              28.75
            ],
            [
              105.35,
              28.75
            ],
            [
              105.35,
              29.25
            ],
            [
              104.65,
              29.25
            ],
            [
              104.65,
              28.75
            ],
            [
              104.65,
              28.25
            ],
            [
              105.35,
              28.25
            ]
          ],
          [
            [
              106.75,
              28.75
            ],
            [
              106.75,
              29.25
            ],
            [
              106.05,
              29.25
            ],
            [
              106.05,
              28.75
            ],
            [
              106.75,
              28.75
            ]
          ],
          [
            [
              108.85,
              31.75
            ],
            [
              109.55,
              31.75
            ],
            [
              109.55,
              32.25
            ],
            [
              108.85,
              32.25
            ],
            [
              108.85,
              31.75
            ]
          ],
          [
            [
              108.15,
              31.75
            ],
            [
              108.15,
              31.25
            ],
            [
              108.85,
              31.25
            ],
            [
              108.85,
              31.75
            ],
            [
              108.15,
              31.75
            ]
          ],
          [
            [
              110.94999999999999,
              29.25
            ],
            [
              111.65,
              29.25
            ],
            [
              112.35,
              29.25
            ],
            [
              112.35,
              29.75
            ],
            [
              111.65,
              29.75
            ],
            [
              111.65,
              30.25
            ],
            [
              110.94999999999999,
              30.25
            ],
            [
              110.94999999999999,
              29.75
            ],
            [
              110.94999999999999,
              29.25
            ]
          ],
          [
            [
              112.35,
              28.75
            ],
            [
              113.05,
              28.75
            ],
            [
              113.05,
              29.25
            ],
            [
              112.35,
              29.25
            ],
            [
              112.35,
              28.75
            ]
          ],
          [
            [
              113.75,
              29.25
            ],
            [
              113.75,
              29.75
            ],
            [
              113.05,
              29.75
            ],
            [
              113.05,
              29.25
            ],
            [
              113.75,
              29.25
            ]
          ],
          [
            [
              113.75,
              28.75
            ],
            [
              114.44999999999999,
              28.75
            ],
            [
              114.44999999999999,
              29.25
            ],
            [
              113.75,
              29.25
            ],
            [
              113.75,
              28.75
            ]
          ],
          [
            [
              104.65,
              31.75
            ],
            [
              104.65,
              31.25
            ],
            [
              105.35,
              31.25
            ],
            [
              106.05,
              31.25
            ],
            [
              106.75,
              31.25
            ],
            [
              106.75,
              31.75
            ],
            [
              107.44999999999999,
              31.75
            ],
            [
              107.44999999999999,
              32.25
            ],
            [
              106.75,
              32.25
            ],
            [
              106.05,
              32.25
            ],
            [
              105.35,
              32.25
            ],
            [
              105.35,
              31.75
            ],
            [
              104.65,
              31.75
            ]
          ],
          [
            [
              106.75,
              30.75
            ],
            [
              106.75,
              30.25
            ],
            [
              107.44999999999999,
              30.25
            ],
            [
              107.44999999999999,
              30.75
            ],
            [
              107.44999999999999,
              31.25
            ],
            [
              106.75,
              31.25
            ],
            [
              106.75,
              30.75
            ]
          ],
          [
            [
              108.15,
              32.25
            ],
            [
              108.15,
              32.75
            ],
            [
              107.44999999999999,
              32.75
            ],
            [
              107.44999999999999,
              32.25
            ],
            [
              108.15,
              32.25
            ]
          ],
          [
            [
              103.94999999999999,
              30.25
            ],
            [
              103.94999999999999,
              29.75
            ],
            [
              104.65,
              29.75
            ],
            [
              105.35,
              29.75
            ],
            [
              105.35,
              30.25
            ],
            [
              104.65,
              30.25
            ],
            [
              103.94999999999999,
              30.25
            ]
          ],
          [
            [
              103.25,
              29.75
            ],
            [
              103.25,
              29.25
            ],
            [
              103.94999999999999,
              29.25
            ],
            [
              103.94999999999999,
              29.75
            ],
            [
              103.25,
              29.75
            ]
          ],
          [
            [
              103.25,
              31.25
            ],
            [
              103.94999999999999,
              31.25
            ],
            [
              103.94999999999999,
              31.75
            ],
            [
              103.25,
              31.75
            ],
            [
              103.25,
              31.25
            ]
          ],
          [
            [
              108.15,
              28.25
            ],
            [
              108.15,
              28.75
            ],
            [
              107.44999999999999,
              28.75
            ],
            [
              107.44999999999999,
              28.25
            ],
            [
              108.15,
              28.25
            ]
          ],
          [
            [
              110.25,
              28.75
            ],
            [
              110.25,
              29.25
            ],
            [
              109.55,
              29.25
            ],
            [
              108.85,
              29.25
            ],
            [
              108.85,
              28.75
            ],
            [
              109.55,
              28.75
            ],
            [
              110.25,
              28.75
            ]
          ],
          [
            [
              113.75,
              31.25
            ],
            [
              113.75,
              30.75
            ],
            [
              114.44999999999999,
              30.75
            ],
            [
              114.44999999999999,
              31.25
            ],
            [
              114.44999999999999,
              31.75
            ],
            [
              113.75,
              31.75
            ],
            [
              113.05,
              31.75
            ],
            [
              113.05,
              31.25
            ],
            [
              113.75,
              31.25
            ]
          ],
          [
            [
              114.44999999999999,
              30.25
            ],
            [
              115.15,
              30.25
            ],
            [
              115.85,
              30.25
            ],
            [
              115.85,
              30.75
            ],
            [
              115.85,
              31.25
            ],
            [
              115.85,
              31.75
            ],
            [
              115.15,
              31.75
            ],
            [
              115.15,
              31.25
            ],
            [
              115.15,
              30.75
            ],
            [
              114.44999999999999,
              30.75
            ],
            [
              114.44999999999999,
              30.25
            ]
          ],
          [
            [
              117.25,
              29.75
            ],
            [
              117.94999999999999,
              29.75
            ],
            [
              117.94999999999999,
              30.25
            ],
            [
              117.94999999999999,
              30.75
            ],
            [
              117.25,
              30.75
            ],
            [
              117.25,
              30.25
            ],
            [
              116.55,
              30.25
            ],
            [
              116.55,
              29.75
            ],
            [
              117.25,
              29.75
            ]
          ],
          [
            [
              110.94999999999999,
              32.25
            ],
            [
              110.25,
              32.25
            ],
            [
              110.25,
              31.75
            ],
            [
              110.94999999999999,
              31.75
            ],
            [
              110.94999999999999,
              31.25
            ],
            [
              111.65,
              31.25
            ],
            [
              112.35,
              31.25
            ],
            [
              112.35,
              31.75
            ],
            [
              111.65,
              31.75
            ],
            [
              111.65,
              32.25
            ],
            [
              110.94999999999999,
              32.25
            ]
          ],
          [
            [
              110.25,
              31.25
            ],
            [
              110.25,
              30.75
            ],
            [
              110.94999999999999,
              30.75
            ],
            [
              110.94999999999999,
              31.25
            ],
            [
              110.25,
              31.25
            ]
          ],
          [
            [
              115.15,
              29.75
            ],
            [
              115.15,
              29.25
            ],
            [
              115.85,
              29.25
            ],
            [
              115.85,
              29.75
            ],
            [
              115.15,
              29.75
            ]
          ],
          [
            [
              118.65,
              30.75
            ],
            [
              118.65,
              30.25
            ],
            [
              119.35,
              30.25
            ],
            [
              119.35,
              30.75
            ],
            [
              118.65,
              30.75
            ]
          ],
          [
            [
              121.44999999999999,
              30.75
            ],
            [
              121.44999999999999,
              30.25
            ],
            [
              122.15,
              30.25
            ],
            [
              122.15,
              30.75
            ],
            [
              121.44999999999999,
              30.75
            ]
          ]
        ]
      },
      "properties": {
        "id": "hail_risk_001",
        "feature_type": "hail_risk",
        "title": "冰雹风险区",
        "rank": 1,
        "risk_level": "high",
        "zone": "core",
        "confidence": 0.85,
        "point_count": 248,
        "core_point_count": 92,
        "centroid": [
          110.92459677419355,
          30.29233870967742
        ],
        "bbox": [
          99.75,
          26.25,
          124.25,
          34.25
        ],
        "max_value": 0.8571428571428572,
        "mean_value": 0.6936387378480248,
        "score_threshold": 0.58,
        "high_score_threshold": 0.72,
        "dominant_factors": [
          {
            "factor": "cape",
            "label": "CAPE",
            "weight": 0.3,
            "mean_score": 0.962,
            "mean_contribution": 0.289
          },
          {
            "factor": "shear_0_6km",
            "label": "0-6km 风切变",
            "weight": 0.3,
            "mean_score": 0.657,
            "mean_contribution": 0.197
          }
        ],
        "evidence": [
          "冰雹综合评分较高",
          "综合评分最大值 0.86，平均值 0.69",
          "核心区格点 92 个达到 0.72 高潜势阈值",
          "主导因子：CAPE 0.29、0-6km 风切变 0.20",
          "关联天气系统：850hPa 低层辐合区、200hPa 高空辐散区、锋面候选区"
        ],
        "hazard_type": "hail",
        "risk_domain": [
          "severe_convection"
        ],
        "mechanism_tags": [
          "strong_updraft",
          "deep_layer_shear",
          "cold_mid_level"
        ],
        "source_grid": "risk_hail_score",
        "supporting_systems": [
          {
            "id": "low_level_convergence_001",
            "system_id": "low_level_convergence_001",
            "type": "low_level_convergence",
            "name": "850hPa 低层辐合区",
            "relation": "overlap",
            "distance_degrees": 0.0,
            "relevance": 1.0,
            "reason": "低层辐合区与风险区空间重叠，可作为天气学支撑系统"
          },
          {
            "id": "upper_divergence_001",
            "system_id": "upper_divergence_001",
            "type": "upper_divergence",
            "name": "200hPa 高空辐散区",
            "relation": "overlap",
            "distance_degrees": 0.0,
            "relevance": 0.965,
            "reason": "高空辐散区与风险区空间重叠，可作为天气学支撑系统"
          },
          {
            "id": "front_candidate_001",
            "system_id": "front_candidate_001",
            "type": "front_candidate",
            "name": "锋面候选区",
            "relation": "overlap",
            "distance_degrees": 0.0,
            "relevance": 0.902,
            "reason": "锋面候选区与风险区空间重叠，可作为天气学支撑系统"
          },
          {
            "id": "trough_003",
            "system_id": "trough_003",
            "type": "trough",
            "name": "500hPa 槽线",
            "relation": "nearby",
            "distance_degrees": 0.078,
            "relevance": 0.826,
            "reason": "槽线位于风险区附近，距离约 0.08°，可作为邻近支撑系统"
          },
          {
            "id": "low_level_jet_001",
            "system_id": "low_level_jet_001",
            "type": "low_level_jet",
            "name": "850hPa 低空急流轴",
            "relation": "overlap",
            "distance_degrees": 0.0,
            "relevance": 0.804,
            "reason": "低空急流与风险区空间重叠，可作为天气学支撑系统"
          }
        ]
      }
    },
    {
      "type": "Feature",
      "geometry": {
        "type": "Polygon",
        "coordinates": [
          [
            [
              110.94999999999999,
              34.25
            ],
            [
              110.25,
              34.25
            ],
            [
              110.25,
              34.75
            ],
            [
              110.25,
              35.25
            ],
            [
              110.94999999999999,
              35.25
            ],
            [
              110.94999999999999,
              34.75
            ],
            [
              111.65,
              34.75
            ],
            [
              112.35,
              34.75
            ],
            [
              113.05,
              34.75
            ],
            [
              113.75,
              34.75
            ],
            [
              114.44999999999999,
              34.75
            ],
            [
              114.44999999999999,
              34.25
            ],
            [
              115.15,
              34.25
            ],
            [
              115.15,
              33.75
            ],
            [
              114.44999999999999,
              33.75
            ],
            [
              114.44999999999999,
              33.25
            ],
            [
              113.75,
              33.25
            ],
            [
              113.75,
              33.75
            ],
            [
              113.75,
              34.25
            ],
            [
              113.05,
              34.25
            ],
            [
              112.35,
              34.25
            ],
            [
              112.35,
              33.75
            ],
            [
              111.65,
              33.75
            ],
            [
              111.65,
              34.25
            ],
            [
              110.94999999999999,
              34.25
            ]
          ]
        ]
      },
      "properties": {
        "id": "hail_risk_002",
        "feature_type": "hail_risk",
        "title": "冰雹风险区",
        "rank": 2,
        "risk_level": "high",
        "zone": "core",
        "confidence": 0.81,
        "point_count": 11,
        "core_point_count": 5,
        "centroid": [
          112.69999999999999,
          34.31818181818182
        ],
        "bbox": [
          110.25,
          33.25,
          115.15,
          35.25
        ],
        "max_value": 0.7558939328161779,
        "mean_value": 0.672460123264049,
        "score_threshold": 0.58,
        "high_score_threshold": 0.72,
        "dominant_factors": [
          {
            "factor": "cape",
            "label": "CAPE",
            "weight": 0.3,
            "mean_score": 0.812,
            "mean_contribution": 0.244
          },
          {
            "factor": "shear_0_6km",
            "label": "0-6km 风切变",
            "weight": 0.3,
            "mean_score": 0.757,
            "mean_contribution": 0.227
          }
        ],
        "evidence": [
          "冰雹综合评分较高",
          "综合评分最大值 0.76，平均值 0.67",
          "核心区格点 5 个达到 0.72 高潜势阈值",
          "主导因子：CAPE 0.24、0-6km 风切变 0.23",
          "关联天气系统：200hPa 高空辐散区、850hPa 低层辐合区、锋面候选区"
        ],
        "hazard_type": "hail",
        "risk_domain": [
          "severe_convection"
        ],
        "mechanism_tags": [
          "strong_updraft",
          "deep_layer_shear",
          "cold_mid_level"
        ],
        "source_grid": "risk_hail_score",
        "supporting_systems": [
          {
            "id": "upper_divergence_001",
            "system_id": "upper_divergence_001",
            "type": "upper_divergence",
            "name": "200hPa 高空辐散区",
            "relation": "overlap",
            "distance_degrees": 0.0,
            "relevance": 0.965,
            "reason": "高空辐散区与风险区空间重叠，可作为天气学支撑系统"
          },
          {
            "id": "low_level_convergence_002",
            "system_id": "low_level_convergence_002",
            "type": "low_level_convergence",
            "name": "850hPa 低层辐合区",
            "relation": "nearby",
            "distance_degrees": 0.5,
            "relevance": 0.962,
            "reason": "低层辐合区位于风险区附近，距离约 0.50°，可作为邻近支撑系统"
          },
          {
            "id": "front_candidate_001",
            "system_id": "front_candidate_001",
            "type": "front_candidate",
            "name": "锋面候选区",
            "relation": "overlap",
            "distance_degrees": 0.0,
            "relevance": 0.902,
            "reason": "锋面候选区与风险区空间重叠，可作为天气学支撑系统"
          },
          {
            "id": "trough_003",
            "system_id": "trough_003",
            "type": "trough",
            "name": "500hPa 槽线",
            "relation": "overlap",
            "distance_degrees": 0.0,
            "relevance": 0.832,
            "reason": "槽线与风险区空间重叠，可作为天气学支撑系统"
          },
          {
            "id": "low_level_jet_001",
            "system_id": "low_level_jet_001",
            "type": "low_level_jet",
            "name": "850hPa 低空急流轴",
            "relation": "nearby",
            "distance_degrees": 3.289,
            "relevance": 0.557,
            "reason": "低空急流位于风险区附近，距离约 3.29°，可作为邻近支撑系统"
          }
        ]
      }
    },
    {
      "type": "Feature",
      "geometry": {
        "type": "Polygon",
        "coordinates": [
          [
            [
              129.15,
              30.75
            ],
            [
              129.15,
              31.25
            ],
            [
              129.15,
              31.75
            ],
            [
              128.45,
              31.75
            ],
            [
              128.45,
              32.25
            ],
            [
              128.45,
              32.75
            ],
            [
              129.15,
              32.75
            ],
            [
              129.15,
              32.25
            ],
            [
              129.85,
              32.25
            ],
            [
              129.85,
              31.75
            ],
            [
              129.85,
              31.25
            ],
            [
              130.55,
              31.25
            ],
            [
              130.55,
              30.75
            ],
            [
              129.85,
              30.75
            ],
            [
              129.85,
              30.25
            ],
            [
              129.15,
              30.25
            ],
            [
              128.45,
              30.25
            ],
            [
              128.45,
              30.75
            ],
            [
              129.15,
              30.75
            ]
          ]
        ]
      },
      "properties": {
        "id": "hail_risk_003",
        "feature_type": "hail_risk",
        "title": "冰雹风险区",
        "rank": 3,
        "risk_level": "moderate",
        "zone": "outer",
        "confidence": 0.78,
        "point_count": 8,
        "core_point_count": 0,
        "centroid": [
          129.325,
          31.375
        ],
        "bbox": [
          128.45,
          30.25,
          130.55,
          32.75
        ],
        "max_value": 0.6682614321036395,
        "mean_value": 0.6525099147558868,
        "score_threshold": 0.58,
        "high_score_threshold": 0.72,
        "dominant_factors": [
          {
            "factor": "shear_0_6km",
            "label": "0-6km 风切变",
            "weight": 0.3,
            "mean_score": 0.956,
            "mean_contribution": 0.287
          },
          {
            "factor": "cape",
            "label": "CAPE",
            "weight": 0.3,
            "mean_score": 0.567,
            "mean_contribution": 0.17
          }
        ],
        "evidence": [
          "冰雹综合评分较高",
          "综合评分最大值 0.67，平均值 0.65",
          "外围区达到 0.58 中等潜势阈值，未形成高潜势核心",
          "主导因子：0-6km 风切变 0.29、CAPE 0.17",
          "关联天气系统：200hPa 高空辐散区、锋面候选区、850hPa 水汽输送带"
        ],
        "hazard_type": "hail",
        "risk_domain": [
          "severe_convection"
        ],
        "mechanism_tags": [
          "strong_updraft",
          "deep_layer_shear",
          "cold_mid_level"
        ],
        "source_grid": "risk_hail_score",
        "supporting_systems": [
          {
            "id": "upper_divergence_001",
            "system_id": "upper_divergence_001",
            "type": "upper_divergence",
            "name": "200hPa 高空辐散区",
            "relation": "overlap",
            "distance_degrees": 0.0,
            "relevance": 0.965,
            "reason": "高空辐散区与风险区空间重叠，可作为天气学支撑系统"
          },
          {
            "id": "front_candidate_001",
            "system_id": "front_candidate_001",
            "type": "front_candidate",
            "name": "锋面候选区",
            "relation": "overlap",
            "distance_degrees": 0.0,
            "relevance": 0.902,
            "reason": "锋面候选区与风险区空间重叠，可作为天气学支撑系统"
          },
          {
            "id": "moisture_transport_001",
            "system_id": "moisture_transport_001",
            "type": "moisture_transport",
            "name": "850hPa 水汽输送带",
            "relation": "overlap",
            "distance_degrees": 0.0,
            "relevance": 0.734,
            "reason": "水汽输送带与风险区空间重叠，可作为天气学支撑系统"
          },
          {
            "id": "ridge_002",
            "system_id": "ridge_002",
            "type": "ridge",
            "name": "500hPa 脊线",
            "relation": "nearby",
            "distance_degrees": 1.52,
            "relevance": 0.431,
            "reason": "脊线位于风险区附近，距离约 1.52°，可作为邻近支撑系统"
          }
        ]
      }
    },
    {
      "type": "Feature",
      "geometry": {
        "type": "Polygon",
        "coordinates": [
          [
            [
              99.05000000000001,
              27.75
            ],
            [
              98.35,
              27.75
            ],
            [
              98.35,
              28.25
            ],
            [
              97.65,
              28.25
            ],
            [
              97.65,
              28.75
            ],
            [
              97.65,
              29.25
            ],
            [
              97.65,
              29.75
            ],
            [
              97.65,
              30.25
            ],
            [
              98.35,
              30.25
            ],
            [
              98.35,
              30.75
            ],
            [
              97.65,
              30.75
            ],
            [
              97.65,
              31.25
            ],
            [
              97.65,
              31.75
            ],
            [
              98.35,
              31.75
            ],
            [
              99.05000000000001,
              31.75
            ],
            [
              99.05000000000001,
              32.25
            ],
            [
              99.75,
              32.25
            ],
            [
              99.75,
              32.75
            ],
            [
              99.75,
              33.25
            ],
            [
              100.44999999999999,
              33.25
            ],
            [
              100.44999999999999,
              32.75
            ],
            [
              101.15,
              32.75
            ],
            [
              101.85,
              32.75
            ],
            [
              101.85,
              33.25
            ],
            [
              102.55,
              33.25
            ],
            [
              103.25,
              33.25
            ],
            [
              103.94999999999999,
              33.25
            ],
            [
              104.65,
              33.25
            ],
            [
              104.65,
              33.75
            ],
            [
              105.35,
              33.75
            ],
            [
              106.05,
              33.75
            ],
            [
              106.75,
              33.75
            ],
            [
              107.44999999999999,
              33.75
            ],
            [
              107.44999999999999,
              34.25
            ],
            [
              108.15,
              34.25
            ],
            [
              108.85,
              34.25
            ],
            [
              108.85,
              34.75
            ],
            [
              108.85,
              35.25
            ],
            [
              109.55,
              35.25
            ],
            [
              109.55,
              34.75
            ],
            [
              110.25,
              34.75
            ],
            [
              110.25,
              35.25
            ],
            [
              110.94999999999999,
              35.25
            ],
            [
              111.65,
              35.25
            ],
            [
              112.35,
              35.25
            ],
            [
              112.35,
              35.75
            ],
            [
              111.65,
              35.75
            ],
            [
              111.65,
              36.25
            ],
            [
              112.35,
              36.25
            ],
            [
              113.05,
              36.25
            ],
            [
              113.75,
              36.25
            ],
            [
              113.75,
              36.75
            ],
            [
              114.44999999999999,
              36.75
            ],
            [
              115.15,
              36.75
            ],
            [
              115.85,
              36.75
            ],
            [
              116.55,
              36.75
            ],
            [
              117.25,
              36.75
            ],
            [
              117.94999999999999,
              36.75
            ],
            [
              118.65,
              36.75
            ],
            [
              118.65,
              36.25
            ],
            [
              119.35,
              36.25
            ],
            [
              119.35,
              35.75
            ],
            [
              120.05,
              35.75
            ],
            [
              120.05,
              35.25
            ],
            [
              120.05,
              34.75
            ],
            [
              120.05,
              34.25
            ],
            [
              120.75,
              34.25
            ],
            [
              120.75,
              33.75
            ],
            [
              121.44999999999999,
              33.75
            ],
            [
              121.44999999999999,
              34.25
            ],
            [
              122.15,
              34.25
            ],
            [
              122.15,
              33.75
            ],
            [
              122.15,
              33.25
            ],
            [
              122.85,
              33.25
            ],
            [
              123.55,
              33.25
            ],
            [
              123.55,
              33.75
            ],
            [
              124.25,
              33.75
            ],
            [
              124.94999999999999,
              33.75
            ],
            [
              124.94999999999999,
              33.25
            ],
            [
              124.25,
              33.25
            ],
            [
              124.25,
              32.75
            ],
            [
              124.94999999999999,
              32.75
            ],
            [
              125.65,
              32.75
            ],
            [
              125.65,
              32.25
            ],
            [
              124.94999999999999,
              32.25
            ],
            [
              124.25,
              32.25
            ],
            [
              124.25,
              31.75
            ],
            [
              123.55,
              31.75
            ],
            [
              123.55,
              31.25
            ],
            [
              122.85,
              31.25
            ],
            [
              122.85,
              30.75
            ],
            [
              123.55,
              30.75
            ],
            [
              123.55,
              30.25
            ],
            [
              124.25,
              30.25
            ],
            [
              124.25,
              29.75
            ],
            [
              123.55,
              29.75
            ],
            [
              122.85,
              29.75
            ],
            [
              122.85,
              29.25
            ],
            [
              122.15,
              29.25
            ],
            [
              122.15,
              29.75
            ],
            [
              122.15,
              30.25
            ],
            [
              122.15,
              30.75
            ],
            [
              121.44999999999999,
              30.75
            ],
            [
              121.44999999999999,
              30.25
            ],
            [
              121.44999999999999,
              29.75
            ],
            [
              120.75,
              29.75
            ],
            [
              120.05,
              29.75
            ],
            [
              119.35,
              29.75
            ],
            [
              119.35,
              29.25
            ],
            [
              119.35,
              28.75
            ],
            [
              119.35,
              28.25
            ],
            [
              118.65,
              28.25
            ],
            [
              117.94999999999999,
              28.25
            ],
            [
              117.94999999999999,
              28.75
            ],
            [
              117.25,
              28.75
            ],
            [
              117.25,
              28.25
            ],
            [
              116.55,
              28.25
            ],
            [
              116.55,
              28.75
            ],
            [
              115.85,
              28.75
            ],
            [
              115.85,
              28.25
            ],
            [
              115.15,
              28.25
            ],
            [
              115.15,
              27.75
            ],
            [
              114.44999999999999,
              27.75
            ],
            [
              113.75,
              27.75
            ],
            [
              113.75,
              27.25
            ],
            [
              113.05,
              27.25
            ],
            [
              112.35,
              27.25
            ],
            [
              112.35,
              27.75
            ],
            [
              111.65,
              27.75
            ],
            [
              110.94999999999999,
              27.75
            ],
            [
              110.25,
              27.75
            ],
            [
              110.25,
              27.25
            ],
            [
              109.55,
              27.25
            ],
            [
              109.55,
              26.75
            ],
            [
              108.85,
              26.75
            ],
            [
              108.85,
              26.25
            ],
            [
              108.15,
              26.25
            ],
            [
              107.44999999999999,
              26.25
            ],
            [
              106.75,
              26.25
            ],
            [
              106.05,
              26.25
            ],
            [
              105.35,
              26.25
            ],
            [
              104.65,
              26.25
            ],
            [
              104.65,
              25.75
            ],
            [
              103.94999999999999,
              25.75
            ],
            [
              103.94999999999999,
              26.25
            ],
            [
              103.94999999999999,
              26.75
            ],
            [
              103.25,
              26.75
            ],
            [
              103.25,
              26.25
            ],
            [
              102.55,
              26.25
            ],
            [
              102.55,
              26.75
            ],
            [
              101.85,
              26.75
            ],
            [
              101.15,
              26.75
            ],
            [
              101.15,
              27.25
            ],
            [
              100.44999999999999,
              27.25
            ],
            [
              99.75,
              27.25
            ],
            [
              99.75,
              27.75
            ],
            [
              99.05000000000001,
              27.75
            ]
          ],
          [
            [
              118.65,
              28.75
            ],
            [
              118.65,
              29.25
            ],
            [
              117.94999999999999,
              29.25
            ],
            [
              117.94999999999999,
              28.75
            ],
            [
              118.65,
              28.75
            ]
          ],
          [
            [
              113.05,
              27.75
            ],
            [
              113.05,
              28.25
            ],
            [
              112.35,
              28.25
            ],
            [
              112.35,
              27.75
            ],
            [
              113.05,
              27.75
            ]
          ],
          [
            [
              110.94999999999999,
              29.75
            ],
            [
              110.94999999999999,
              29.25
            ],
            [
              111.65,
              29.25
            ],
            [
              112.35,
              29.25
            ],
            [
              112.35,
              29.75
            ],
            [
              111.65,
              29.75
            ],
            [
              111.65,
              30.25
            ],
            [
              110.94999999999999,
              30.25
            ],
            [
              110.94999999999999,
              29.75
            ]
          ],
          [
            [
              112.35,
              28.75
            ],
            [
              113.05,
              28.75
            ],
            [
              113.05,
              29.25
            ],
            [
              112.35,
              29.25
            ],
            [
              112.35,
              28.75
            ]
          ],
          [
            [
              113.75,
              29.25
            ],
            [
              113.75,
              29.75
            ],
            [
              113.05,
              29.75
            ],
            [
              113.05,
              29.25
            ],
            [
              113.75,
              29.25
            ]
          ],
          [
            [
              113.75,
              28.75
            ],
            [
              114.44999999999999,
              28.75
            ],
            [
              114.44999999999999,
              29.25
            ],
            [
              113.75,
              29.25
            ],
            [
              113.75,
              28.75
            ]
          ],
          [
            [
              115.85,
              29.25
            ],
            [
              115.85,
              29.75
            ],
            [
              115.15,
              29.75
            ],
            [
              115.15,
              29.25
            ],
            [
              115.85,
              29.25
            ]
          ],
          [
            [
              117.25,
              29.75
            ],
            [
              117.94999999999999,
              29.75
            ],
            [
              117.94999999999999,
              30.25
            ],
            [
              117.25,
              30.25
            ],
            [
              117.25,
              29.75
            ]
          ]
        ]
      },
      "properties": {
        "id": "severe_convection_composite_risk_001",
        "feature_type": "severe_convection_composite_risk",
        "title": "强对流综合风险风险区",
        "rank": 1,
        "risk_level": "high",
        "zone": "core",
        "confidence": 0.85,
        "point_count": 502,
        "core_point_count": 237,
        "centroid": [
          110.84123505976096,
          31.243027888446214
        ],
        "bbox": [
          97.65,
          25.75,
          125.65,
          36.75
        ],
        "max_value": 0.8571428571428572,
        "mean_value": 0.7147242589463033,
        "score_threshold": 0.6,
        "high_score_threshold": 0.72,
        "dominant_factors": [],
        "evidence": [
          "强对流综合风险综合评分较高",
          "综合评分最大值 0.86，平均值 0.71",
          "核心区格点 237 个达到 0.72 高潜势阈值",
          "关联天气系统：850hPa 低层辐合区、200hPa 高空辐散区、锋面候选区"
        ],
        "hazard_type": "severe_convection_composite",
        "risk_domain": [
          "severe_convection"
        ],
        "mechanism_tags": [
          "composite"
        ],
        "source_grid": "risk_severe_convection_composite_score",
        "supporting_systems": [
          {
            "id": "low_level_convergence_001",
            "system_id": "low_level_convergence_001",
            "type": "low_level_convergence",
            "name": "850hPa 低层辐合区",
            "relation": "overlap",
            "distance_degrees": 0.0,
            "relevance": 1.0,
            "reason": "低层辐合区与风险区空间重叠，可作为天气学支撑系统"
          },
          {
            "id": "upper_divergence_001",
            "system_id": "upper_divergence_001",
            "type": "upper_divergence",
            "name": "200hPa 高空辐散区",
            "relation": "overlap",
            "distance_degrees": 0.0,
            "relevance": 0.965,
            "reason": "高空辐散区与风险区空间重叠，可作为天气学支撑系统"
          },
          {
            "id": "front_candidate_001",
            "system_id": "front_candidate_001",
            "type": "front_candidate",
            "name": "锋面候选区",
            "relation": "overlap",
            "distance_degrees": 0.0,
            "relevance": 0.902,
            "reason": "锋面候选区与风险区空间重叠，可作为天气学支撑系统"
          },
          {
            "id": "trough_003",
            "system_id": "trough_003",
            "type": "trough",
            "name": "500hPa 槽线",
            "relation": "overlap",
            "distance_degrees": 0.0,
            "relevance": 0.832,
            "reason": "槽线与风险区空间重叠，可作为天气学支撑系统"
          },
          {
            "id": "low_level_jet_001",
            "system_id": "low_level_jet_001",
            "type": "low_level_jet",
            "name": "850hPa 低空急流轴",
            "relation": "overlap",
            "distance_degrees": 0.0,
            "relevance": 0.804,
            "reason": "低空急流与风险区空间重叠，可作为天气学支撑系统"
          }
        ]
      }
    }
  ]
}