{
  "type": "FeatureCollection",
  "features": [
    {
      "type": "Feature",
      "geometry": {
        "type": "Point",
        "coordinates": [
          84.7,
          42.0
        ]
      },
      "properties": {
        "id": "high_001",
        "feature_type": "high",
        "label": "H",
        "level": "mslp",
        "value": 1023.99,
        "unit": "hPa",
        "confidence": 0.98,
        "closed_contour_count": 7,
        "outer_closed_contour_hpa": 1016.94,
        "pressure_difference_hpa": 7.0,
        "closed_area_grid_points": 1174,
        "evidence": [
          "局地气压极值明显且不贴近资料边界",
          "中心值相对周边差异约 0.7 hPa",
          "存在 7 圈闭合等压线，最外圈约 1016.94 hPa",
          "中心到最外闭合等压线差值约 7.0 hPa"
        ]
      }
    },
    {
      "type": "Feature",
      "geometry": {
        "type": "Point",
        "coordinates": [
          114.1,
          34.5
        ]
      },
      "properties": {
        "id": "low_001",
        "feature_type": "low",
        "label": "L",
        "level": "mslp",
        "value": 1002.16,
        "unit": "hPa",
        "confidence": 0.98,
        "closed_contour_count": 8,
        "outer_closed_contour_hpa": 1010.26,
        "pressure_difference_hpa": 8.0,
        "closed_area_grid_points": 977,
        "evidence": [
          "局地气压极值明显且不贴近资料边界",
          "中心值相对周边差异约 1.3 hPa",
          "存在 8 圈闭合等压线，最外圈约 1010.26 hPa",
          "中心到最外闭合等压线差值约 8.0 hPa"
        ]
      }
    },
    {
      "type": "Feature",
      "geometry": {
        "type": "Polygon",
        "coordinates": [
          [
            [
              69.65,
              20.75
            ],
            [
              69.65,
              21.25
            ],
            [
              69.65,
              21.75
            ],
            [
              69.65,
              22.25
            ],
            [
              69.65,
              22.75
            ],
            [
              69.65,
              23.25
            ],
            [
              69.65,
              23.75
            ],
            [
              69.65,
              24.25
            ],
            [
              69.65,
              24.75
            ],
            [
              69.65,
              25.25
            ],
            [
              69.65,
              25.75
            ],
            [
              69.65,
              26.25
            ],
            [
              69.65,
              26.75
            ],
            [
              69.65,
              27.25
            ],
            [
              70.35,
              27.25
            ],
            [
              71.05000000000001,
              27.25
            ],
            [
              71.75,
              27.25
            ],
            [
              72.44999999999999,
              27.25
            ],
            [
              73.15,
              27.25
            ],
            [
              73.85,
              27.25
            ],
            [
              74.55000000000001,
              27.25
            ],
            [
              75.25,
              27.25
            ],
            [
              75.94999999999999,
              27.25
            ],
            [
              76.65,
              27.25
            ],
            [
              77.35,
              27.25
            ],
            [
              78.05000000000001,
              27.25
            ],
            [
              78.75,
              27.25
            ],
            [
              79.44999999999999,
              27.25
            ],
            [
              80.15,
              27.25
            ],
            [
              80.85,
              27.25
            ],
            [
              81.55000000000001,
              27.25
            ],
            [
              82.25,
              27.25
            ],
            [
              82.94999999999999,
              27.25
            ],
            [
              83.65,
              27.25
            ],
            [
              84.35,
              27.25
            ],
            [
              85.05000000000001,
              27.25
            ],
            [
              85.75,
              27.25
            ],
            [
              86.44999999999999,
              27.25
            ],
            [
              87.15,
              27.25
            ],
            [
              87.15,
              27.75
            ],
            [
              87.85,
              27.75
            ],
            [
              88.55000000000001,
              27.75
            ],
            [
              89.25,
              27.75
            ],
            [
              89.94999999999999,
              27.75
            ],
            [
              90.65,
              27.75
            ],
            [
              91.35,
              27.75
            ],
            [
              92.05000000000001,
              27.75
            ],
            [
              92.75,
              27.75
            ],
            [
              93.44999999999999,
              27.75
            ],
            [
              94.15,
              27.75
            ],
            [
              94.85,
              27.75
            ],
            [
              95.55000000000001,
              27.75
            ],
            [
              96.25,
              27.75
            ],
            [
              96.25,
              27.25
            ],
            [
              96.94999999999999,
              27.25
            ],
            [
              97.65,
              27.25
            ],
            [
              98.35,
              27.25
            ],
            [
              99.05000000000001,
              27.25
            ],
            [
              99.75,
              27.25
            ],
            [
              100.44999999999999,
              27.25
            ],
            [
              101.15,
              27.25
            ],
            [
              101.15,
              26.75
            ],
            [
              101.85,
              26.75
            ],
            [
              102.55,
              26.75
            ],
            [
              103.25,
              26.75
            ],
            [
              103.94999999999999,
              26.75
            ],
            [
              103.94999999999999,
              26.25
            ],
            [
              104.65,
              26.25
            ],
            [
              105.35,
              26.25
            ],
            [
              106.05,
              26.25
            ],
            [
              106.05,
              25.75
            ],
            [
              106.75,
              25.75
            ],
            [
              107.44999999999999,
              25.75
            ],
            [
              108.15,
              25.75
            ],
            [
              108.85,
              25.75
            ],
            [
              109.55,
              25.75
            ],
            [
              109.55,
              25.25
            ],
            [
              110.25,
              25.25
            ],
            [
              110.94999999999999,
              25.25
            ],
            [
              111.65,
              25.25
            ],
            [
              112.35,
              25.25
            ],
            [
              113.05,
              25.25
            ],
            [
              113.75,
              25.25
            ],
            [
              114.44999999999999,
              25.25
            ],
            [
              115.15,
              25.25
            ],
            [
              115.85,
              25.25
            ],
            [
              116.55,
              25.25
            ],
            [
              117.25,
              25.25
            ],
            [
              117.94999999999999,
              25.25
            ],
            [
              117.94999999999999,
              25.75
            ],
            [
              118.65,
              25.75
            ],
            [
              119.35,
              25.75
            ],
            [
              120.05,
              25.75
            ],
            [
              120.75,
              25.75
            ],
            [
              120.75,
              26.25
            ],
            [
              121.44999999999999,
              26.25
            ],
            [
              122.15,
              26.25
            ],
            [
              122.85,
              26.25
            ],
            [
              122.85,
              26.75
            ],
            [
              123.55,
              26.75
            ],
            [
              124.25,
              26.75
            ],
            [
              124.94999999999999,
              26.75
            ],
            [
              124.94999999999999,
              27.25
            ],
            [
              125.65,
              27.25
            ],
            [
              126.35,
              27.25
            ],
            [
              127.05,
              27.25
            ],
            [
              127.05,
              27.75
            ],
            [
              127.75,
              27.75
            ],
            [
              128.45,
              27.75
            ],
            [
              129.15,
              27.75
            ],
            [
              129.85,
              27.75
            ],
            [
              129.85,
              28.25
            ],
            [
              130.55,
              28.25
            ],
            [
              131.25,
              28.25
            ],
            [
              131.95,
              28.25
            ],
            [
              132.65,
              28.25
            ],
            [
              133.35,
              28.25
            ],
            [
              134.04999999999998,
              28.25
            ],
            [
              134.75,
              28.25
            ],
            [
              135.45,
              28.25
            ],
            [
              136.15,
              28.25
            ],
            [
              136.85,
              28.25
            ],
            [
              136.85,
              28.75
            ],
            [
              137.54999999999998,
              28.75
            ],
            [
              138.25,
              28.75
            ],
            [
              138.95,
              28.75
            ],
            [
              139.65,
              28.75
            ],
            [
              140.35,
              28.75
            ],
            [
              140.35,
              28.25
            ],
            [
              140.35,
              27.75
            ],
            [
              140.35,
              27.25
            ],
            [
              140.35,
              26.75
            ],
            [
              140.35,
              26.25
            ],
            [
              140.35,
              25.75
            ],
            [
              140.35,
              25.25
            ],
            [
              140.35,
              24.75
            ],
            [
              140.35,
              24.25
            ],
            [
              140.35,
              23.75
            ],
            [
              140.35,
              23.25
            ],
            [
              140.35,
              22.75
            ],
            [
              140.35,
              22.25
            ],
            [
              140.35,
              21.75
            ],
            [
              140.35,
              21.25
            ],
            [
              140.35,
              20.75
            ],
            [
              140.35,
              20.25
            ],
            [
              140.35,
              19.75
            ],
            [
              140.35,
              19.25
            ],
            [
              139.65,
              19.25
            ],
            [
              138.95,
              19.25
            ],
            [
              138.25,
              19.25
            ],
            [
              137.54999999999998,
              19.25
            ],
            [
              136.85,
              19.25
            ],
            [
              136.15,
              19.25
            ],
            [
              135.45,
              19.25
            ],
            [
              135.45,
              19.75
            ],
            [
              134.75,
              19.75
            ],
            [
              134.04999999999998,
              19.75
            ],
            [
              133.35,
              19.75
            ],
            [
              132.65,
              19.75
            ],
            [
              131.95,
              19.75
            ],
            [
              131.25,
              19.75
            ],
            [
              130.55,
              19.75
            ],
            [
              129.85,
              19.75
            ],
            [
              129.15,
              19.75
            ],
            [
              128.45,
              19.75
            ],
            [
              127.75,
              19.75
            ],
            [
              127.05,
              19.75
            ],
            [
              126.35,
              19.75
            ],
            [
              125.65,
              19.75
            ],
            [
              124.94999999999999,
              19.75
            ],
            [
              124.25,
              19.75
            ],
            [
              123.55,
              19.75
            ],
            [
              122.85,
              19.75
            ],
            [
              122.15,
              19.75
            ],
            [
              121.44999999999999,
              19.75
            ],
            [
              120.75,
              19.75
            ],
            [
              120.05,
              19.75
            ],
            [
              119.35,
              19.75
            ],
            [
              118.65,
              19.75
            ],
            [
              117.94999999999999,
              19.75
            ],
            [
              117.94999999999999,
              20.25
            ],
            [
              117.25,
              20.25
            ],
            [
              116.55,
              20.25
            ],
            [
              115.85,
              20.25
            ],
            [
              115.15,
              20.25
            ],
            [
              114.44999999999999,
              20.25
            ],
            [
              113.75,
              20.25
            ],
            [
              113.05,
              20.25
            ],
            [
              112.35,
              20.25
            ],
            [
              111.65,
              20.25
            ],
            [
              110.94999999999999,
              20.25
            ],
            [
              110.25,
              20.25
            ],
            [
              109.55,
              20.25
            ],
            [
              108.85,
              20.25
            ],
            [
              108.15,
              20.25
            ],
            [
              107.44999999999999,
              20.25
            ],
            [
              106.75,
              20.25
            ],
            [
              106.05,
              20.25
            ],
            [
              105.35,
              20.25
            ],
            [
              104.65,
              20.25
            ],
            [
              103.94999999999999,
              20.25
            ],
            [
              103.25,
              20.25
            ],
            [
              102.55,
              20.25
            ],
            [
              101.85,
              20.25
            ],
            [
              101.15,
              20.25
            ],
            [
              100.44999999999999,
              20.25
            ],
            [
              99.75,
              20.25
            ],
            [
              99.05000000000001,
              20.25
            ],
            [
              98.35,
              20.25
            ],
            [
              97.65,
              20.25
            ],
            [
              96.94999999999999,
              20.25
            ],
            [
              96.25,
              20.25
            ],
            [
              95.55000000000001,
              20.25
            ],
            [
              94.85,
              20.25
            ],
            [
              94.15,
              20.25
            ],
            [
              93.44999999999999,
              20.25
            ],
            [
              92.75,
              20.25
            ],
            [
              92.05000000000001,
              20.25
            ],
            [
              91.35,
              20.25
            ],
            [
              90.65,
              20.25
            ],
            [
              89.94999999999999,
              20.25
            ],
            [
              89.25,
              20.25
            ],
            [
              88.55000000000001,
              20.25
            ],
            [
              87.85,
              20.25
            ],
            [
              87.15,
              20.25
            ],
            [
              87.15,
              20.75
            ],
            [
              86.44999999999999,
              20.75
            ],
            [
              85.75,
              20.75
            ],
            [
              85.05000000000001,
              20.75
            ],
            [
              84.35,
              20.75
            ],
            [
              83.65,
              20.75
            ],
            [
              82.94999999999999,
              20.75
            ],
            [
              82.25,
              20.75
            ],
            [
              81.55000000000001,
              20.75
            ],
            [
              80.85,
              20.75
            ],
            [
              80.15,
              20.75
            ],
            [
              79.44999999999999,
              20.75
            ],
            [
              78.75,
              20.75
            ],
            [
              78.05000000000001,
              20.75
            ],
            [
              77.35,
              20.75
            ],
            [
              76.65,
              20.75
            ],
            [
              75.94999999999999,
              20.75
            ],
            [
              75.25,
              20.75
            ],
            [
              74.55000000000001,
              20.75
            ],
            [
              73.85,
              20.75
            ],
            [
              73.15,
              20.75
            ],
            [
              72.44999999999999,
              20.75
            ],
            [
              71.75,
              20.75
            ],
            [
              71.05000000000001,
              20.75
            ],
            [
              70.35,
              20.75
            ],
            [
              69.65,
              20.75
            ]
          ]
        ]
      },
      "properties": {
        "id": "subtropical_high_001",
        "feature_type": "subtropical_high",
        "title": "副热带高压 5880gpm 区域",
        "confidence": 0.65,
        "point_count": 1386,
        "centroid": [
          106.35505050505049,
          23.667748917748916
        ],
        "bbox": [
          69.65,
          19.25,
          140.35,
          28.75
        ],
        "max_value": 5907.9853515625,
        "mean_value": 5892.438492415788,
        "evidence": [
          "500hPa 位势高度达到或超过 5880 gpm",
          "MVP 以 5880gpm 区域近似表示副高范围"
        ],
        "level": "500hPa",
        "contour_gpm": 5880.0
      }
    },
    {
      "type": "Feature",
      "geometry": {
        "type": "LineString",
        "coordinates": [
          [
            70.0,
            50.465561774241664
          ],
          [
            70.7,
            47.259774667190044
          ],
          [
            70.7,
            51.70428449373768
          ],
          [
            71.39999999999999,
            48.503003469147856
          ],
          [
            71.40000000000002,
            52.9858541006725
          ],
          [
            72.10000000000001,
            49.477435780428394
          ],
          [
            72.1,
            53.0
          ],
          [
            72.79999999999998,
            49.71746735820922
          ],
          [
            73.49999999999999,
            49.71615207888195
          ],
          [
            74.20000000000002,
            49.714737675186996
          ],
          [
            74.9,
            49.96104085957637
          ],
          [
            75.6,
            49.95934851042943
          ],
          [
            76.3,
            50.210264190738165
          ],
          [
            77.0,
            50.46401489064884
          ],
          [
            77.7,
            50.46219370466487
          ],
          [
            78.4,
            50.71805493988594
          ],
          [
            79.1,
            50.0
          ],
          [
            79.09999999999998,
            51.48830855760765
          ],
          [
            79.80000000000001,
            51.74269963082081
          ]
        ]
      },
      "properties": {
        "id": "trough_001",
        "feature_type": "trough",
        "title": "500hPa 槽线",
        "level": "500hPa",
        "confidence": 0.68,
        "method": "curvature_component_axis",
        "point_count": 173,
        "axis_length": 34.95352840316708,
        "threshold_value": -4.876291097061601,
        "curvature_mean": 0.1085271079649263,
        "vorticity_support_mean": -1.090369991892849e-12,
        "evidence": [
          "500hPa 位势高度距平达到尾部分位",
          "轴线位于高度场曲率支撑的连续槽脊带内",
          "500hPa 相对涡度符号与槽脊性质一致"
        ]
      }
    },
    {
      "type": "Feature",
      "geometry": {
        "type": "LineString",
        "coordinates": [
          [
            70.0,
            21.72471664676024
          ],
          [
            70.0965565431283,
            19.27691049269245
          ],
          [
            70.38754239894456,
            18.630768232446755
          ],
          [
            70.95656533509963,
            19.468046261284375
          ],
          [
            71.12028256017133,
            18.158156670809795
          ],
          [
            71.74528914040263,
            19.216296699712267
          ],
          [
            71.89759533013992,
            17.92204914106494
          ],
          [
            72.49039767259958,
            19.119600942323956
          ],
          [
            72.97295998830683,
            19.123893363838494
          ],
          [
            73.38494818579711,
            19.4300596600949
          ],
          [
            73.76290202163497,
            19.005683331825235
          ],
          [
            74.19999999999999,
            19.263531538694803
          ],
          [
            74.6031527878682,
            19.160777994171443
          ],
          [
            74.90000000000002,
            18.264599191860672
          ],
          [
            75.50172633716187,
            19.729313824862277
          ],
          [
            75.71811320662307,
            18.09808253966514
          ],
          [
            76.29999999999998,
            19.510120252874838
          ],
          [
            76.53580447608591,
            18.264548070766228
          ],
          [
            76.99999999999999,
            18.51184060537363
          ],
          [
            77.42354377960923,
            18.718722792254596
          ],
          [
            77.7,
            17.765987597285
          ],
          [
            78.4,
            19.258166275695
          ],
          [
            78.39999999999999,
            17.256372068788266
          ],
          [
            79.09999999999998,
            18.258593261744597
          ],
          [
            79.1,
            16.75111774928999
          ],
          [
            79.79999999999998,
            17.257268034389895
          ]
        ]
      },
      "properties": {
        "id": "trough_002",
        "feature_type": "trough",
        "title": "500hPa 槽线",
        "level": "500hPa",
        "confidence": 0.68,
        "method": "curvature_component_axis",
        "point_count": 167,
        "axis_length": 28.047962923444754,
        "threshold_value": -4.876291097061601,
        "curvature_mean": 0.11143066784068793,
        "vorticity_support_mean": -7.725654649994604e-13,
        "evidence": [
          "500hPa 位势高度距平达到尾部分位",
          "轴线位于高度场曲率支撑的连续槽脊带内",
          "500hPa 相对涡度符号与槽脊性质一致"
        ]
      }
    },
    {
      "type": "Feature",
      "geometry": {
        "type": "LineString",
        "coordinates": [
          [
            104.99999999999999,
            34.498223606315726
          ],
          [
            105.69999999999999,
            34.49786448819333
          ],
          [
            106.4,
            34.49814303277032
          ],
          [
            107.09999999999998,
            34.499238545309545
          ],
          [
            107.80000000000001,
            34.50046535274109
          ],
          [
            108.49999999999999,
            34.50182086648947
          ],
          [
            109.19999999999999,
            34.50287268302804
          ],
          [
            109.90000000000005,
            34.50435450639368
          ],
          [
            110.60000000000001,
            34.50519177141804
          ],
          [
            111.29999999999998,
            34.505852973652104
          ],
          [
            112.0,
            34.50635563046137
          ],
          [
            112.69999999999999,
            34.50670982821631
          ],
          [
            113.39999999999998,
            34.50691496359862
          ],
          [
            114.09999999999998,
            34.50697475561314
          ],
          [
            114.80000000000001,
            34.50689052904014
          ],
          [
            115.50000000000001,
            34.50665037905049
          ],
          [
            116.19999999999997,
            34.50625304979927
          ],
          [
            116.89999999999999,
            34.5057146766218
          ],
          [
            117.60000000000002,
            34.50502117369257
          ],
          [
            118.3,
            34.503563239547255
          ],
          [
            119.0,
            34.50262492960239
          ],
          [
            119.69999999999996,
            34.5015109995441
          ],
          [
            120.4,
            34.50014154612175
          ],
          [
            121.10000000000004,
            34.498990110211786
          ],
          [
            121.8,
            34.498089155925854
          ],
          [
            122.50000000000001,
            34.49747119110188
          ],
          [
            123.20000000000002,
            34.498589094826364
          ]
        ]
      },
      "properties": {
        "id": "trough_003",
        "feature_type": "trough",
        "title": "500hPa 槽线",
        "level": "500hPa",
        "confidence": 0.68,
        "method": "curvature_component_axis",
        "point_count": 583,
        "axis_length": 18.20001464145482,
        "threshold_value": -4.876291097061601,
        "curvature_mean": 2.2231641627662944,
        "vorticity_support_mean": 6.568212301772006e-06,
        "evidence": [
          "500hPa 位势高度距平达到尾部分位",
          "轴线位于高度场曲率支撑的连续槽脊带内",
          "500hPa 相对涡度符号与槽脊性质一致"
        ]
      }
    },
    {
      "type": "Feature",
      "geometry": {
        "type": "LineString",
        "coordinates": [
          [
            127.40000000000002,
            34.524085747257146
          ],
          [
            128.10000000000002,
            34.53256984472293
          ],
          [
            128.79999999999998,
            34.53562139470291
          ],
          [
            129.5,
            39.25114201020699
          ],
          [
            129.49999999999997,
            32.8191557054678
          ],
          [
            130.2,
            34.525257727421
          ],
          [
            130.90000000000003,
            34.51961267797619
          ],
          [
            131.6,
            37.957734534243045
          ],
          [
            131.6,
            32.44290224624442
          ],
          [
            132.3,
            34.51430601199076
          ],
          [
            133.00000000000003,
            34.510396702556896
          ],
          [
            133.69999999999996,
            36.90962644649018
          ],
          [
            133.7,
            31.817941718414595
          ],
          [
            134.4,
            34.50673521526715
          ],
          [
            135.09999999999997,
            34.50446652047394
          ],
          [
            135.8,
            35.94409794022966
          ],
          [
            135.8,
            31.15753708373553
          ],
          [
            136.5,
            34.50239863674723
          ],
          [
            137.19999999999996,
            34.501584366722426
          ],
          [
            137.89999999999995,
            35.248816783333325
          ],
          [
            137.89999999999998,
            30.30942652706205
          ],
          [
            138.60000000000002,
            34.50038311221944
          ],
          [
            139.3,
            34.499960295663215
          ],
          [
            139.99999999999997,
            34.49977253369126
          ]
        ]
      },
      "properties": {
        "id": "ridge_001",
        "feature_type": "ridge",
        "title": "500hPa 脊线",
        "level": "500hPa",
        "confidence": 0.68,
        "method": "curvature_component_axis",
        "point_count": 441,
        "axis_length": 60.23971008876717,
        "threshold_value": 10.826877238729084,
        "curvature_mean": 0.8570019493536157,
        "vorticity_support_mean": 9.456090543320152e-07,
        "evidence": [
          "500hPa 位势高度距平达到尾部分位",
          "轴线位于高度场曲率支撑的连续槽脊带内",
          "500hPa 相对涡度符号与槽脊性质一致"
        ]
      }
    },
    {
      "type": "Feature",
      "geometry": {
        "type": "LineString",
        "coordinates": [
          [
            70.00000000000001,
            34.49831721735754
          ],
          [
            70.7,
            34.49831792740155
          ],
          [
            71.39999999999999,
            34.498339193227494
          ],
          [
            72.09999999999998,
            34.49836378062624
          ],
          [
            72.8,
            34.49837549196943
          ],
          [
            73.50000000000001,
            34.49838166000273
          ],
          [
            74.19999999999999,
            34.498386861130086
          ],
          [
            74.89999999999999,
            34.49838435422491
          ],
          [
            75.59999999999998,
            34.498383588941735
          ],
          [
            76.30000000000001,
            34.49840379704449
          ],
          [
            76.99999999999997,
            34.49841996344593
          ],
          [
            77.70000000000002,
            34.49841706463897
          ],
          [
            78.4,
            34.49841918136389
          ],
          [
            79.10000000000001,
            34.4984387116199
          ],
          [
            79.80000000000001,
            34.498458104411085
          ],
          [
            80.5,
            34.49845932712752
          ],
          [
            81.19999999999997,
            34.49846120964568
          ],
          [
            81.89999999999999,
            34.49849056446421
          ],
          [
            82.6,
            34.49853234483763
          ],
          [
            83.3,
            34.49855882700635
          ],
          [
            84.00000000000003,
            34.49859364125695
          ],
          [
            84.7,
            34.49866436104526
          ],
          [
            85.40000000000002,
            34.49875419750546
          ],
          [
            86.10000000000001,
            34.4988657648305
          ],
          [
            86.80000000000003,
            34.49886654874191
          ],
          [
            87.5,
            34.49912661925542
          ],
          [
            88.2,
            34.49942756322515
          ],
          [
            88.90000000000002,
            34.49980319570307
          ],
          [
            89.60000000000001,
            34.50028504686355
          ],
          [
            90.30000000000001,
            34.500876854166684
          ],
          [
            91.00000000000001,
            34.50160099743923
          ],
          [
            91.69999999999999,
            34.50249055727638
          ],
          [
            92.39999999999999,
            34.503557511111794
          ],
          [
            93.10000000000001,
            34.50477175910301
          ],
          [
            93.80000000000003,
            34.50729051735672
          ],
          [
            94.50000000000003,
            34.5091704959456
          ],
          [
            95.19999999999999,
            34.511261029177945
          ],
          [
            95.90000000000002,
            34.51354095561777
          ],
          [
            96.6,
            34.51603279745427
          ],
          [
            97.30000000000001,
            34.51603894608301
          ],
          [
            97.99999999999999,
            34.518697941628645
          ],
          [
            98.70000000000005,
            34.518192136799605
          ],
          [
            99.4,
            34.513780082668966
          ],
          [
            100.10000000000001,
            34.503702332080756
          ]
        ]
      },
      "properties": {
        "id": "ridge_002",
        "feature_type": "ridge",
        "title": "500hPa 脊线",
        "level": "500hPa",
        "confidence": 0.68,
        "method": "curvature_component_axis",
        "point_count": 864,
        "axis_length": 30.100113462108528,
        "threshold_value": 10.826877238729084,
        "curvature_mean": 0.8185926367576607,
        "vorticity_support_mean": 3.5714718703589853e-07,
        "evidence": [
          "500hPa 位势高度距平达到尾部分位",
          "轴线位于高度场曲率支撑的连续槽脊带内",
          "500hPa 相对涡度符号与槽脊性质一致"
        ]
      }
    },
    {
      "type": "Feature",
      "geometry": {
        "type": "Polygon",
        "coordinates": [
          [
            [
              96.25,
              25.75
            ],
            [
              96.25,
              26.25
            ],
            [
              96.25,
              26.75
            ],
            [
              96.25,
              27.25
            ],
            [
              95.55000000000001,
              27.25
            ],
            [
              95.55000000000001,
              27.75
            ],
            [
              95.55000000000001,
              28.25
            ],
            [
              95.55000000000001,
              28.75
            ],
            [
              95.55000000000001,
              29.25
            ],
            [
              95.55000000000001,
              29.75
            ],
            [
              95.55000000000001,
              30.25
            ],
            [
              95.55000000000001,
              30.75
            ],
            [
              96.25,
              30.75
            ],
            [
              96.25,
              31.25
            ],
            [
              96.25,
              31.75
            ],
            [
              96.94999999999999,
              31.75
            ],
            [
              96.94999999999999,
              32.25
            ],
            [
              97.65,
              32.25
            ],
            [
              97.65,
              32.75
            ],
            [
              98.35,
              32.75
            ],
            [
              99.05000000000001,
              32.75
            ],
            [
              99.05000000000001,
              33.25
            ],
            [
              99.75,
              33.25
            ],
            [
              100.44999999999999,
              33.25
            ],
            [
              101.15,
              33.25
            ],
            [
              101.15,
              33.75
            ],
            [
              101.85,
              33.75
            ],
            [
              102.55,
              33.75
            ],
            [
              103.25,
              33.75
            ],
            [
              103.94999999999999,
              33.75
            ],
            [
              104.65,
              33.75
            ],
            [
              105.35,
              33.75
            ],
            [
              106.05,
              33.75
            ],
            [
              106.75,
              33.75
            ],
            [
              107.44999999999999,
              33.75
            ],
            [
              108.15,
              33.75
            ],
            [
              108.85,
              33.75
            ],
            [
              109.55,
              33.75
            ],
            [
              110.25,
              33.75
            ],
            [
              110.94999999999999,
              33.75
            ],
            [
              111.65,
              33.75
            ],
            [
              111.65,
              33.25
            ],
            [
              112.35,
              33.25
            ],
            [
              112.35,
              32.75
            ],
            [
              113.05,
              32.75
            ],
            [
              113.05,
              32.25
            ],
            [
              113.05,
              31.75
            ],
            [
              113.05,
              31.25
            ],
            [
              113.05,
              30.75
            ],
            [
              113.05,
              30.25
            ],
            [
              113.05,
              29.75
            ],
            [
              113.05,
              29.25
            ],
            [
              113.05,
              28.75
            ],
            [
              113.05,
              28.25
            ],
            [
              113.05,
              27.75
            ],
            [
              113.05,
              27.25
            ],
            [
              113.05,
              26.75
            ],
            [
              113.05,
              26.25
            ],
            [
              113.05,
              25.75
            ],
            [
              113.05,
              25.25
            ],
            [
              113.05,
              24.75
            ],
            [
              113.05,
              24.25
            ],
            [
              112.35,
              24.25
            ],
            [
              112.35,
              23.75
            ],
            [
              112.35,
              23.25
            ],
            [
              112.35,
              22.75
            ],
            [
              111.65,
              22.75
            ],
            [
              111.65,
              22.25
            ],
            [
              110.94999999999999,
              22.25
            ],
            [
              110.94999999999999,
              21.75
            ],
            [
              110.25,
              21.75
            ],
            [
              110.25,
              21.25
            ],
            [
              109.55,
              21.25
            ],
            [
              108.85,
              21.25
            ],
            [
              108.15,
              21.25
            ],
            [
              108.15,
              20.75
            ],
            [
              107.44999999999999,
              20.75
            ],
            [
              106.75,
              20.75
            ],
            [
              106.05,
              20.75
            ],
            [
              105.35,
              20.75
            ],
            [
              105.35,
              21.25
            ],
            [
              104.65,
              21.25
            ],
            [
              103.94999999999999,
              21.25
            ],
            [
              103.25,
              21.25
            ],
            [
              103.25,
              21.75
            ],
            [
              102.55,
              21.75
            ],
            [
              101.85,
              21.75
            ],
            [
              101.85,
              22.25
            ],
            [
              101.15,
              22.25
            ],
            [
              100.44999999999999,
              22.25
            ],
            [
              100.44999999999999,
              22.75
            ],
            [
              99.75,
              22.75
            ],
            [
              99.75,
              23.25
            ],
            [
              99.05000000000001,
              23.25
            ],
            [
              99.05000000000001,
              23.75
            ],
            [
              98.35,
              23.75
            ],
            [
              98.35,
              24.25
            ],
            [
              97.65,
              24.25
            ],
            [
              97.65,
              24.75
            ],
            [
              97.65,
              25.25
            ],
            [
              96.94999999999999,
              25.25
            ],
            [
              96.94999999999999,
              25.75
            ],
            [
              96.25,
              25.75
            ]
          ]
        ]
      },
      "properties": {
        "id": "low_level_convergence_001",
        "feature_type": "low_level_convergence",
        "title": "850hPa 低层辐合区",
        "level": "850hPa",
        "rank": 1,
        "point_count": 541,
        "bbox": [
          95.55000000000001,
          20.75,
          113.05,
          33.75
        ],
        "centroid": [
          104.98447319778187,
          27.771719038817004
        ],
        "mean_value": -2.9967113206936386e-07,
        "mean_smoothed_divergence": -2.961243995887129e-07,
        "max_strength": 6.386602363179806e-07,
        "confidence": 0.68,
        "evidence": [
          "850hPa 散度经平滑后仍为低值，表示低层辐合",
          "仅保留面积和辐合强度排序靠前的主要对象"
        ]
      }
    },
    {
      "type": "Feature",
      "geometry": {
        "type": "Polygon",
        "coordinates": [
          [
            [
              115.15,
              36.75
            ],
            [
              115.15,
              37.25
            ],
            [
              115.15,
              37.75
            ],
            [
              115.15,
              38.25
            ],
            [
              115.15,
              38.75
            ],
            [
              115.15,
              39.25
            ],
            [
              115.15,
              39.75
            ],
            [
              115.15,
              40.25
            ],
            [
              115.85,
              40.25
            ],
            [
              115.85,
              40.75
            ],
            [
              115.85,
              41.25
            ],
            [
              115.85,
              41.75
            ],
            [
              116.55,
              41.75
            ],
            [
              116.55,
              42.25
            ],
            [
              117.25,
              42.25
            ],
            [
              117.25,
              42.75
            ],
            [
              117.94999999999999,
              42.75
            ],
            [
              118.65,
              42.75
            ],
            [
              119.35,
              42.75
            ],
            [
              119.35,
              43.25
            ],
            [
              120.05,
              43.25
            ],
            [
              120.75,
              43.25
            ],
            [
              121.44999999999999,
              43.25
            ],
            [
              122.15,
              43.25
            ],
            [
              122.85,
              43.25
            ],
            [
              122.85,
              42.75
            ],
            [
              123.55,
              42.75
            ],
            [
              124.25,
              42.75
            ],
            [
              124.94999999999999,
              42.75
            ],
            [
              124.94999999999999,
              42.25
            ],
            [
              125.65,
              42.25
            ],
            [
              126.35,
              42.25
            ],
            [
              126.35,
              41.75
            ],
            [
              127.05,
              41.75
            ],
            [
              127.75,
              41.75
            ],
            [
              127.75,
              41.25
            ],
            [
              128.45,
              41.25
            ],
            [
              128.45,
              40.75
            ],
            [
              129.15,
              40.75
            ],
            [
              129.15,
              40.25
            ],
            [
              129.15,
              39.75
            ],
            [
              129.85,
              39.75
            ],
            [
              129.85,
              39.25
            ],
            [
              129.85,
              38.75
            ],
            [
              129.85,
              38.25
            ],
            [
              129.85,
              37.75
            ],
            [
              129.85,
              37.25
            ],
            [
              129.15,
              37.25
            ],
            [
              129.15,
              36.75
            ],
            [
              129.15,
              36.25
            ],
            [
              128.45,
              36.25
            ],
            [
              127.75,
              36.25
            ],
            [
              127.75,
              35.75
            ],
            [
              127.05,
              35.75
            ],
            [
              126.35,
              35.75
            ],
            [
              126.35,
              35.25
            ],
            [
              125.65,
              35.25
            ],
            [
              124.94999999999999,
              35.25
            ],
            [
              124.25,
              35.25
            ],
            [
              123.55,
              35.25
            ],
            [
              122.85,
              35.25
            ],
            [
              122.15,
              35.25
            ],
            [
              121.44999999999999,
              35.25
            ],
            [
              120.75,
              35.25
            ],
            [
              120.05,
              35.25
            ],
            [
              119.35,
              35.25
            ],
            [
              118.65,
              35.25
            ],
            [
              117.94999999999999,
              35.25
            ],
            [
              117.25,
              35.25
            ],
            [
              117.25,
              35.75
            ],
            [
              116.55,
              35.75
            ],
            [
              115.85,
              35.75
            ],
            [
              115.85,
              36.25
            ],
            [
              115.85,
              36.75
            ],
            [
              115.15,
              36.75
            ]
          ]
        ]
      },
      "properties": {
        "id": "low_level_convergence_002",
        "feature_type": "low_level_convergence",
        "title": "850hPa 低层辐合区",
        "level": "850hPa",
        "rank": 2,
        "point_count": 278,
        "bbox": [
          115.15,
          35.25,
          129.85,
          43.25
        ],
        "centroid": [
          122.1751798561151,
          38.96762589928058
        ],
        "mean_value": -1.931955380160837e-07,
        "mean_smoothed_divergence": -1.892561008510544e-07,
        "max_strength": 3.241962366750114e-07,
        "confidence": 0.68,
        "evidence": [
          "850hPa 散度经平滑后仍为低值，表示低层辐合",
          "仅保留面积和辐合强度排序靠前的主要对象"
        ]
      }
    },
    {
      "type": "Feature",
      "geometry": {
        "type": "Polygon",
        "coordinates": [
          [
            [
              115.85,
              22.75
            ],
            [
              115.85,
              23.25
            ],
            [
              115.85,
              23.75
            ],
            [
              115.15,
              23.75
            ],
            [
              115.15,
              24.25
            ],
            [
              115.15,
              24.75
            ],
            [
              115.15,
              25.25
            ],
            [
              115.15,
              25.75
            ],
            [
              115.15,
              26.25
            ],
            [
              114.44999999999999,
              26.25
            ],
            [
              114.44999999999999,
              26.75
            ],
            [
              114.44999999999999,
              27.25
            ],
            [
              114.44999999999999,
              27.75
            ],
            [
              114.44999999999999,
              28.25
            ],
            [
              114.44999999999999,
              28.75
            ],
            [
              114.44999999999999,
              29.25
            ],
            [
              114.44999999999999,
              29.75
            ],
            [
              114.44999999999999,
              30.25
            ],
            [
              114.44999999999999,
              30.75
            ],
            [
              114.44999999999999,
              31.25
            ],
            [
              115.15,
              31.25
            ],
            [
              115.15,
              31.75
            ],
            [
              115.15,
              32.25
            ],
            [
              115.15,
              32.75
            ],
            [
              115.85,
              32.75
            ],
            [
              115.85,
              33.25
            ],
            [
              116.55,
              33.25
            ],
            [
              116.55,
              33.75
            ],
            [
              117.25,
              33.75
            ],
            [
              117.94999999999999,
              33.75
            ],
            [
              118.65,
              33.75
            ],
            [
              119.35,
              33.75
            ],
            [
              120.05,
              33.75
            ],
            [
              120.75,
              33.75
            ],
            [
              121.44999999999999,
              33.75
            ],
            [
              122.15,
              33.75
            ],
            [
              122.85,
              33.75
            ],
            [
              123.55,
              33.75
            ],
            [
              124.25,
              33.75
            ],
            [
              124.94999999999999,
              33.75
            ],
            [
              125.65,
              33.75
            ],
            [
              126.35,
              33.75
            ],
            [
              127.05,
              33.75
            ],
            [
              127.05,
              33.25
            ],
            [
              127.75,
              33.25
            ],
            [
              128.45,
              33.25
            ],
            [
              129.15,
              33.25
            ],
            [
              129.15,
              32.75
            ],
            [
              129.85,
              32.75
            ],
            [
              129.85,
              32.25
            ],
            [
              130.55,
              32.25
            ],
            [
              131.25,
              32.25
            ],
            [
              131.25,
              31.75
            ],
            [
              131.25,
              31.25
            ],
            [
              131.95,
              31.25
            ],
            [
              131.95,
              30.75
            ],
            [
              131.95,
              30.25
            ],
            [
              131.95,
              29.75
            ],
            [
              132.65,
              29.75
            ],
            [
              132.65,
              29.25
            ],
            [
              132.65,
              28.75
            ],
            [
              132.65,
              28.25
            ],
            [
              132.65,
              27.75
            ],
            [
              131.95,
              27.75
            ],
            [
              131.95,
              27.25
            ],
            [
              131.95,
              26.75
            ],
            [
              131.95,
              26.25
            ],
            [
              131.25,
              26.25
            ],
            [
              131.25,
              25.75
            ],
            [
              131.25,
              25.25
            ],
            [
              130.55,
              25.25
            ],
            [
              130.55,
              24.75
            ],
            [
              130.55,
              24.25
            ],
            [
              129.85,
              24.25
            ],
            [
              129.85,
              23.75
            ],
            [
              129.15,
              23.75
            ],
            [
              129.15,
              23.25
            ],
            [
              128.45,
              23.25
            ],
            [
              128.45,
              22.75
            ],
            [
              127.75,
              22.75
            ],
            [
              127.05,
              22.75
            ],
            [
              127.05,
              22.25
            ],
            [
              126.35,
              22.25
            ],
            [
              126.35,
              21.75
            ],
            [
              125.65,
              21.75
            ],
            [
              124.94999999999999,
              21.75
            ],
            [
              124.94999999999999,
              21.25
            ],
            [
              124.25,
              21.25
            ],
            [
              123.55,
              21.25
            ],
            [
              122.85,
              21.25
            ],
            [
              122.15,
              21.25
            ],
            [
              122.15,
              20.75
            ],
            [
              121.44999999999999,
              20.75
            ],
            [
              120.75,
              20.75
            ],
            [
              120.05,
              20.75
            ],
            [
              120.05,
              21.25
            ],
            [
              119.35,
              21.25
            ],
            [
              118.65,
              21.25
            ],
            [
              117.94999999999999,
              21.25
            ],
            [
              117.94999999999999,
              21.75
            ],
            [
              117.25,
              21.75
            ],
            [
              117.25,
              22.25
            ],
            [
              116.55,
              22.25
            ],
            [
              116.55,
              22.75
            ],
            [
              115.85,
              22.75
            ]
          ]
        ]
      },
      "properties": {
        "id": "upper_divergence_001",
        "feature_type": "upper_divergence",
        "title": "200hPa 高空辐散区",
        "level": "200hPa",
        "rank": 1,
        "point_count": 544,
        "bbox": [
          114.44999999999999,
          20.75,
          132.65,
          33.75
        ],
        "centroid": [
          122.94650735294117,
          27.784007352941178
        ],
        "mean_value": 2.985626849781425e-07,
        "mean_smoothed_divergence": 2.9501375870715956e-07,
        "max_strength": 6.389717786271468e-07,
        "confidence": 0.68,
        "evidence": [
          "200hPa 散度经平滑后仍为高值，表示高空辐散",
          "仅保留面积和辐散强度排序靠前的主要对象"
        ]
      }
    },
    {
      "type": "Feature",
      "geometry": {
        "type": "Polygon",
        "coordinates": [
          [
            [
              98.35,
              36.75
            ],
            [
              98.35,
              37.25
            ],
            [
              98.35,
              37.75
            ],
            [
              98.35,
              38.25
            ],
            [
              98.35,
              38.75
            ],
            [
              98.35,
              39.25
            ],
            [
              98.35,
              39.75
            ],
            [
              99.05000000000001,
              39.75
            ],
            [
              99.05000000000001,
              40.25
            ],
            [
              99.05000000000001,
              40.75
            ],
            [
              99.75,
              40.75
            ],
            [
              99.75,
              41.25
            ],
            [
              100.44999999999999,
              41.25
            ],
            [
              100.44999999999999,
              41.75
            ],
            [
              101.15,
              41.75
            ],
            [
              101.85,
              41.75
            ],
            [
              101.85,
              42.25
            ],
            [
              102.55,
              42.25
            ],
            [
              102.55,
              42.75
            ],
            [
              103.25,
              42.75
            ],
            [
              103.94999999999999,
              42.75
            ],
            [
              104.65,
              42.75
            ],
            [
              105.35,
              42.75
            ],
            [
              105.35,
              43.25
            ],
            [
              106.05,
              43.25
            ],
            [
              106.75,
              43.25
            ],
            [
              107.44999999999999,
              43.25
            ],
            [
              108.15,
              43.25
            ],
            [
              108.85,
              43.25
            ],
            [
              108.85,
              42.75
            ],
            [
              109.55,
              42.75
            ],
            [
              110.25,
              42.75
            ],
            [
              110.25,
              42.25
            ],
            [
              110.94999999999999,
              42.25
            ],
            [
              111.65,
              42.25
            ],
            [
              111.65,
              41.75
            ],
            [
              111.65,
              41.25
            ],
            [
              112.35,
              41.25
            ],
            [
              112.35,
              40.75
            ],
            [
              112.35,
              40.25
            ],
            [
              112.35,
              39.75
            ],
            [
              112.35,
              39.25
            ],
            [
              113.05,
              39.25
            ],
            [
              113.05,
              38.75
            ],
            [
              113.05,
              38.25
            ],
            [
              113.05,
              37.75
            ],
            [
              113.05,
              37.25
            ],
            [
              112.35,
              37.25
            ],
            [
              112.35,
              36.75
            ],
            [
              112.35,
              36.25
            ],
            [
              111.65,
              36.25
            ],
            [
              111.65,
              35.75
            ],
            [
              110.94999999999999,
              35.75
            ],
            [
              110.94999999999999,
              35.25
            ],
            [
              110.25,
              35.25
            ],
            [
              109.55,
              35.25
            ],
            [
              108.85,
              35.25
            ],
            [
              108.15,
              35.25
            ],
            [
              107.44999999999999,
              35.25
            ],
            [
              106.75,
              35.25
            ],
            [
              106.05,
              35.25
            ],
            [
              105.35,
              35.25
            ],
            [
              104.65,
              35.25
            ],
            [
              103.94999999999999,
              35.25
            ],
            [
              103.25,
              35.25
            ],
            [
              102.55,
              35.25
            ],
            [
              101.85,
              35.25
            ],
            [
              101.85,
              35.75
            ],
            [
              101.15,
              35.75
            ],
            [
              100.44999999999999,
              35.75
            ],
            [
              99.75,
              35.75
            ],
            [
              99.75,
              36.25
            ],
            [
              99.05000000000001,
              36.25
            ],
            [
              99.05000000000001,
              36.75
            ],
            [
              98.35,
              36.75
            ]
          ]
        ]
      },
      "properties": {
        "id": "upper_divergence_002",
        "feature_type": "upper_divergence",
        "title": "200hPa 高空辐散区",
        "level": "200hPa",
        "rank": 2,
        "point_count": 275,
        "bbox": [
          98.35,
          35.25,
          113.05,
          43.25
        ],
        "centroid": [
          105.83236363636364,
          38.95272727272727
        ],
        "mean_value": 1.9423234719431312e-07,
        "mean_smoothed_divergence": 1.902600890089629e-07,
        "max_strength": 3.241680293594338e-07,
        "confidence": 0.68,
        "evidence": [
          "200hPa 散度经平滑后仍为高值，表示高空辐散",
          "仅保留面积和辐散强度排序靠前的主要对象"
        ]
      }
    },
    {
      "type": "Feature",
      "geometry": {
        "type": "LineString",
        "coordinates": [
          [
            110.59999999999998,
            28.0
          ],
          [
            111.02000000000001,
            28.2
          ],
          [
            111.53333333333335,
            28.083333333333332
          ],
          [
            111.99999999999999,
            28.083333333333332
          ],
          [
            112.39999999999999,
            28.214285714285715
          ],
          [
            112.7,
            28.75
          ],
          [
            113.40000000000002,
            28.083333333333332
          ],
          [
            113.67999999999999,
            28.55
          ],
          [
            114.25555555555555,
            28.38888888888889
          ],
          [
            114.41111111111111,
            29.166666666666668
          ],
          [
            115.18888888888887,
            28.333333333333332
          ],
          [
            115.37272727272725,
            29.09090909090909
          ],
          [
            115.8111111111111,
            29.166666666666668
          ],
          [
            116.26363636363635,
            29.136363636363637
          ],
          [
            116.77272727272727,
            29.09090909090909
          ],
          [
            116.89999999999999,
            29.90909090909091
          ],
          [
            117.53,
            29.5
          ],
          [
            117.85454545454549,
            29.818181818181817
          ],
          [
            118.18333333333334,
            30.25
          ],
          [
            118.80909090909087,
            29.863636363636363
          ],
          [
            119.11666666666666,
            30.25
          ],
          [
            119.58333333333333,
            30.333333333333332
          ],
          [
            119.63636363636364,
            31.363636363636363
          ],
          [
            120.51666666666667,
            30.25
          ],
          [
            120.56153846153848,
            31.384615384615383
          ],
          [
            121.03636363636365,
            31.363636363636363
          ],
          [
            121.4818181818182,
            31.363636363636363
          ],
          [
            121.8,
            31.75
          ],
          [
            122.1181818181818,
            32.13636363636363
          ],
          [
            122.56363636363635,
            32.13636363636363
          ],
          [
            123.07272727272726,
            32.09090909090909
          ],
          [
            123.45454545454545,
            32.31818181818182
          ],
          [
            123.74444444444445,
            32.77777777777778
          ],
          [
            124.32000000000001,
            32.45
          ],
          [
            124.60000000000001,
            33.0
          ],
          [
            124.95,
            33.25
          ],
          [
            125.3,
            33.5
          ],
          [
            125.88333333333333,
            33.333333333333336
          ],
          [
            126.41999999999999,
            33.2
          ]
        ]
      },
      "properties": {
        "id": "low_level_jet_001",
        "feature_type": "low_level_jet",
        "title": "850hPa 低空急流轴",
        "level": "850hPa",
        "rank": 1,
        "point_count": 367,
        "axis_length": 23.75586258820711,
        "max_wind_ms": 13.63,
        "mean_wind_ms": 12.73,
        "direction_coherence": 0.994,
        "confidence": 0.61,
        "evidence": [
          "850hPa 风速达到 13.6 m/s",
          "风速高值呈连续轴带分布",
          "风向一致性满足低空急流轴判断",
          "低空急流轴与水汽通量高值重叠"
        ],
        "moisture_flux_threshold": 0.1566307704075578
      }
    },
    {
      "type": "Feature",
      "geometry": {
        "type": "LineString",
        "coordinates": [
          [
            77.525,
            30.75
          ],
          [
            78.78888888888888,
            30.75
          ],
          [
            80.16399999999999,
            30.88
          ],
          [
            81.56206896551728,
            30.879310344827587
          ],
          [
            82.96060606060605,
            30.87878787878788
          ],
          [
            84.34999999999998,
            30.75
          ],
          [
            85.75897435897436,
            30.871794871794872
          ],
          [
            87.04838709677422,
            29.951612903225808
          ],
          [
            87.97419354838709,
            31.887096774193548
          ],
          [
            89.25,
            30.75
          ],
          [
            90.65000000000003,
            31.0
          ],
          [
            92.04999999999997,
            30.75
          ],
          [
            93.45000000000003,
            30.75
          ],
          [
            94.84999999999997,
            30.75
          ],
          [
            96.25,
            30.5
          ],
          [
            97.56250000000006,
            29.5625
          ],
          [
            98.49999999999997,
            31.571428571428573
          ],
          [
            99.75,
            30.5
          ],
          [
            101.15714285714292,
            30.122448979591837
          ],
          [
            102.54999999999993,
            30.0
          ],
          [
            103.94285714285719,
            29.877551020408163
          ],
          [
            105.34999999999995,
            29.75
          ],
          [
            106.75,
            29.75
          ],
          [
            108.09302325581402,
            28.767441860465116
          ],
          [
            109.04687499999997,
            30.484375
          ],
          [
            110.25,
            29.5
          ],
          [
            111.6568627450981,
            29.627450980392158
          ],
          [
            113.04999999999993,
            29.75
          ],
          [
            114.45000000000009,
            30.0
          ],
          [
            115.84999999999994,
            30.25
          ],
          [
            117.2561403508772,
            30.37719298245614
          ],
          [
            118.5770833333334,
            29.510416666666668
          ],
          [
            119.52499999999995,
            31.875
          ],
          [
            120.74406779661018,
            30.872881355932204
          ],
          [
            122.15000000000006,
            31.0
          ],
          [
            123.54999999999987,
            31.0
          ],
          [
            124.94363636363647,
            31.12727272727273
          ],
          [
            126.34999999999994,
            31.0
          ],
          [
            127.74313725490195,
            31.127450980392158
          ],
          [
            129.0833333333334,
            30.19047619047619
          ],
          [
            130.01935483870963,
            32.096774193548384
          ],
          [
            131.25,
            31.0
          ],
          [
            132.65000000000003,
            31.0
          ],
          [
            134.0324999999999,
            31.0
          ],
          [
            135.44054054054058,
            30.87837837837838
          ],
          [
            136.83939393939391,
            30.87878787878788
          ],
          [
            138.23793103448276,
            30.879310344827587
          ],
          [
            139.63600000000005,
            30.88
          ]
        ]
      },
      "properties": {
        "id": "moisture_transport_001",
        "feature_type": "moisture_transport",
        "title": "850hPa 水汽输送带",
        "level": "850hPa",
        "rank": 1,
        "point_count": 2046,
        "axis_length": 72.07517457808389,
        "max_value": 0.3602764671674465,
        "mean_value": 0.22796630081222619,
        "flux_threshold": 0.168649871746177,
        "direction_coherence": 0.995,
        "confidence": 0.72,
        "evidence": [
          "850hPa 水汽通量超过第 75 百分位阈值",
          "水汽通量高值呈连续输送带",
          "风向一致性支持水汽沿轴向输送"
        ]
      }
    },
    {
      "type": "Feature",
      "geometry": {
        "type": "Polygon",
        "coordinates": [
          [
            [
              88.55000000000001,
              32.75
            ],
            [
              88.55000000000001,
              33.25
            ],
            [
              87.85,
              33.25
            ],
            [
              87.15,
              33.25
            ],
            [
              86.44999999999999,
              33.25
            ],
            [
              86.44999999999999,
              33.75
            ],
            [
              85.75,
              33.75
            ],
            [
              85.05000000000001,
              33.75
            ],
            [
              85.05000000000001,
              34.25
            ],
            [
              84.35,
              34.25
            ],
            [
              84.35,
              34.75
            ],
            [
              84.35,
              35.25
            ],
            [
              84.35,
              35.75
            ],
            [
              84.35,
              36.25
            ],
            [
              85.05000000000001,
              36.25
            ],
            [
              85.75,
              36.25
            ],
            [
              85.75,
              36.75
            ],
            [
              86.44999999999999,
              36.75
            ],
            [
              86.44999999999999,
              37.25
            ],
            [
              87.15,
              37.25
            ],
            [
              87.85,
              37.25
            ],
            [
              88.55000000000001,
              37.25
            ],
            [
              88.55000000000001,
              37.75
            ],
            [
              89.25,
              37.75
            ],
            [
              89.94999999999999,
              37.75
            ],
            [
              89.94999999999999,
              38.25
            ],
            [
              90.65,
              38.25
            ],
            [
              91.35,
              38.25
            ],
            [
              92.05000000000001,
              38.25
            ],
            [
              92.05000000000001,
              38.75
            ],
            [
              92.75,
              38.75
            ],
            [
              93.44999999999999,
              38.75
            ],
            [
              94.15,
              38.75
            ],
            [
              94.15,
              39.25
            ],
            [
              94.85,
              39.25
            ],
            [
              95.55000000000001,
              39.25
            ],
            [
              96.25,
              39.25
            ],
            [
              96.25,
              39.75
            ],
            [
              96.94999999999999,
              39.75
            ],
            [
              97.65,
              39.75
            ],
            [
              98.35,
              39.75
            ],
            [
              98.35,
              40.25
            ],
            [
              99.05000000000001,
              40.25
            ],
            [
              99.75,
              40.25
            ],
            [
              100.44999999999999,
              40.25
            ],
            [
              101.15,
              40.25
            ],
            [
              101.85,
              40.25
            ],
            [
              102.55,
              40.25
            ],
            [
              102.55,
              39.75
            ],
            [
              103.25,
              39.75
            ],
            [
              103.94999999999999,
              39.75
            ],
            [
              104.65,
              39.75
            ],
            [
              104.65,
              39.25
            ],
            [
              105.35,
              39.25
            ],
            [
              106.05,
              39.25
            ],
            [
              106.75,
              39.25
            ],
            [
              106.75,
              38.75
            ],
            [
              107.44999999999999,
              38.75
            ],
            [
              108.15,
              38.75
            ],
            [
              108.85,
              38.75
            ],
            [
              108.85,
              38.25
            ],
            [
              109.55,
              38.25
            ],
            [
              110.25,
              38.25
            ],
            [
              110.25,
              37.75
            ],
            [
              110.94999999999999,
              37.75
            ],
            [
              111.65,
              37.75
            ],
            [
              111.65,
              37.25
            ],
            [
              112.35,
              37.25
            ],
            [
              112.35,
              36.75
            ],
            [
              113.05,
              36.75
            ],
            [
              113.75,
              36.75
            ],
            [
              114.44999999999999,
              36.75
            ],
            [
              114.44999999999999,
              37.25
            ],
            [
              115.15,
              37.25
            ],
            [
              115.85,
              37.25
            ],
            [
              116.55,
              37.25
            ],
            [
              117.25,
              37.25
            ],
            [
              117.25,
              37.75
            ],
            [
              117.94999999999999,
              37.75
            ],
            [
              118.65,
              37.75
            ],
            [
              118.65,
              38.25
            ],
            [
              119.35,
              38.25
            ],
            [
              120.05,
              38.25
            ],
            [
              120.75,
              38.25
            ],
            [
              120.75,
              38.75
            ],
            [
              121.44999999999999,
              38.75
            ],
            [
              122.15,
              38.75
            ],
            [
              122.85,
              38.75
            ],
            [
              122.85,
              39.25
            ],
            [
              123.55,
              39.25
            ],
            [
              124.25,
              39.25
            ],
            [
              124.94999999999999,
              39.25
            ],
            [
              125.65,
              39.25
            ],
            [
              126.35,
              39.25
            ],
            [
              126.35,
              39.75
            ],
            [
              127.05,
              39.75
            ],
            [
              127.75,
              39.75
            ],
            [
              128.45,
              39.75
            ],
            [
              129.15,
              39.75
            ],
            [
              129.85,
              39.75
            ],
            [
              130.55,
              39.75
            ],
            [
              130.55,
              40.25
            ],
            [
              131.25,
              40.25
            ],
            [
              131.95,
              40.25
            ],
            [
              131.95,
              39.75
            ],
            [
              132.65,
              39.75
            ],
            [
              132.65,
              39.25
            ],
            [
              133.35,
              39.25
            ],
            [
              133.35,
              38.75
            ],
            [
              134.04999999999998,
              38.75
            ],
            [
              134.04999999999998,
              38.25
            ],
            [
              134.75,
              38.25
            ],
            [
              135.45,
              38.25
            ],
            [
              135.45,
              37.75
            ],
            [
              136.15,
              37.75
            ],
            [
              136.15,
              37.25
            ],
            [
              136.85,
              37.25
            ],
            [
              136.85,
              36.75
            ],
            [
              137.54999999999998,
              36.75
            ],
            [
              137.54999999999998,
              36.25
            ],
            [
              137.54999999999998,
              35.75
            ],
            [
              138.25,
              35.75
            ],
            [
              138.25,
              35.25
            ],
            [
              138.25,
              34.75
            ],
            [
              138.25,
              34.25
            ],
            [
              137.54999999999998,
              34.25
            ],
            [
              137.54999999999998,
              33.75
            ],
            [
              136.85,
              33.75
            ],
            [
              136.85,
              33.25
            ],
            [
              136.15,
              33.25
            ],
            [
              136.15,
              32.75
            ],
            [
              135.45,
              32.75
            ],
            [
              134.75,
              32.75
            ],
            [
              134.75,
              32.25
            ],
            [
              134.04999999999998,
              32.25
            ],
            [
              133.35,
              32.25
            ],
            [
              132.65,
              32.25
            ],
            [
              132.65,
              31.75
            ],
            [
              131.95,
              31.75
            ],
            [
              131.25,
              31.75
            ],
            [
              130.55,
              31.75
            ],
            [
              130.55,
              31.25
            ],
            [
              129.85,
              31.25
            ],
            [
              129.15,
              31.25
            ],
            [
              128.45,
              31.25
            ],
            [
              127.75,
              31.25
            ],
            [
              127.75,
              30.75
            ],
            [
              127.05,
              30.75
            ],
            [
              126.35,
              30.75
            ],
            [
              125.65,
              30.75
            ],
            [
              124.94999999999999,
              30.75
            ],
            [
              124.94999999999999,
              30.25
            ],
            [
              124.25,
              30.25
            ],
            [
              123.55,
              30.25
            ],
            [
              122.85,
              30.25
            ],
            [
              122.85,
              29.75
            ],
            [
              122.15,
              29.75
            ],
            [
              121.44999999999999,
              29.75
            ],
            [
              120.75,
              29.75
            ],
            [
              120.75,
              29.25
            ],
            [
              120.05,
              29.25
            ],
            [
              119.35,
              29.25
            ],
            [
              118.65,
              29.25
            ],
            [
              117.94999999999999,
              29.25
            ],
            [
              117.25,
              29.25
            ],
            [
              117.25,
              28.75
            ],
            [
              116.55,
              28.75
            ],
            [
              115.85,
              28.75
            ],
            [
              115.15,
              28.75
            ],
            [
              114.44999999999999,
              28.75
            ],
            [
              113.75,
              28.75
            ],
            [
              113.05,
              28.75
            ],
            [
              112.35,
              28.75
            ],
            [
              111.65,
              28.75
            ],
            [
              110.94999999999999,
              28.75
            ],
            [
              110.94999999999999,
              29.25
            ],
            [
              110.25,
              29.25
            ],
            [
              109.55,
              29.25
            ],
            [
              108.85,
              29.25
            ],
            [
              108.15,
              29.25
            ],
            [
              107.44999999999999,
              29.25
            ],
            [
              107.44999999999999,
              29.75
            ],
            [
              106.75,
              29.75
            ],
            [
              106.05,
              29.75
            ],
            [
              105.35,
              29.75
            ],
            [
              105.35,
              30.25
            ],
            [
              104.65,
              30.25
            ],
            [
              103.94999999999999,
              30.25
            ],
            [
              103.25,
              30.25
            ],
            [
              103.25,
              30.75
            ],
            [
              102.55,
              30.75
            ],
            [
              101.85,
              30.75
            ],
            [
              101.15,
              30.75
            ],
            [
              100.44999999999999,
              30.75
            ],
            [
              99.75,
              30.75
            ],
            [
              99.75,
              31.25
            ],
            [
              99.05000000000001,
              31.25
            ],
            [
              98.35,
              31.25
            ],
            [
              97.65,
              31.25
            ],
            [
              96.94999999999999,
              31.25
            ],
            [
              96.25,
              31.25
            ],
            [
              95.55000000000001,
              31.25
            ],
            [
              95.55000000000001,
              31.75
            ],
            [
              94.85,
              31.75
            ],
            [
              94.15,
              31.75
            ],
            [
              93.44999999999999,
              31.75
            ],
            [
              93.44999999999999,
              32.25
            ],
            [
              92.75,
              32.25
            ],
            [
              92.05000000000001,
              32.25
            ],
            [
              91.35,
              32.25
            ],
            [
              90.65,
              32.25
            ],
            [
              90.65,
              32.75
            ],
            [
              89.94999999999999,
              32.75
            ],
            [
              89.25,
              32.75
            ],
            [
              88.55000000000001,
              32.75
            ]
          ]
        ]
      },
      "properties": {
        "id": "front_candidate_001",
        "feature_type": "front_candidate",
        "title": "锋面候选区",
        "confidence": 0.66,
        "point_count": 1176,
        "centroid": [
          112.0922619047619,
          34.70110544217687
        ],
        "bbox": [
          84.35,
          28.75,
          138.25,
          40.25
        ],
        "max_value": 0.9781323616819493,
        "mean_value": 0.5534976520563335,
        "evidence": [
          "850hPa 温度梯度较大",
          "850hPa 风场形变和锋生函数提供动力支撑",
          "低层存在辐合信号",
          "温度平流变化明显"
        ],
        "level": "850hPa",
        "score_threshold": 0.323452253401813,
        "gradient_threshold": 2.0196883844472064e-06,
        "frontogenesis_threshold": 9.69600225171477e-15,
        "wind_deformation_threshold": 1.2686544249229242e-06,
        "rank": 1
      }
    },
    {
      "type": "Feature",
      "geometry": {
        "type": "Polygon",
        "coordinates": [
          [
            [
              106.05,
              30.25
            ],
            [
              105.35,
              30.25
            ],
            [
              105.35,
              30.75
            ],
            [
              105.35,
              31.25
            ],
            [
              104.65,
              31.25
            ],
            [
              104.65,
              31.75
            ],
            [
              103.94999999999999,
              31.75
            ],
            [
              103.94999999999999,
              32.25
            ],
            [
              104.65,
              32.25
            ],
            [
              104.65,
              32.75
            ],
            [
              105.35,
              32.75
            ],
            [
              105.35,
              33.25
            ],
            [
              106.05,
              33.25
            ],
            [
              106.05,
              33.75
            ],
            [
              106.75,
              33.75
            ],
            [
              107.44999999999999,
              33.75
            ],
            [
              107.44999999999999,
              34.25
            ],
            [
              108.15,
              34.25
            ],
            [
              108.85,
              34.25
            ],
            [
              108.85,
              34.75
            ],
            [
              109.55,
              34.75
            ],
            [
              110.25,
              34.75
            ],
            [
              110.25,
              35.25
            ],
            [
              110.94999999999999,
              35.25
            ],
            [
              110.94999999999999,
              35.75
            ],
            [
              111.65,
              35.75
            ],
            [
              112.35,
              35.75
            ],
            [
              112.35,
              36.25
            ],
            [
              113.05,
              36.25
            ],
            [
              113.75,
              36.25
            ],
            [
              113.75,
              36.75
            ],
            [
              114.44999999999999,
              36.75
            ],
            [
              115.15,
              36.75
            ],
            [
              115.15,
              37.25
            ],
            [
              115.85,
              37.25
            ],
            [
              116.55,
              37.25
            ],
            [
              116.55,
              37.75
            ],
            [
              117.25,
              37.75
            ],
            [
              117.94999999999999,
              37.75
            ],
            [
              118.65,
              37.75
            ],
            [
              119.35,
              37.75
            ],
            [
              120.05,
              37.75
            ],
            [
              120.75,
              37.75
            ],
            [
              120.75,
              37.25
            ],
            [
              121.44999999999999,
              37.25
            ],
            [
              122.15,
              37.25
            ],
            [
              122.15,
              36.75
            ],
            [
              122.85,
              36.75
            ],
            [
              122.85,
              36.25
            ],
            [
              122.85,
              35.75
            ],
            [
              123.55,
              35.75
            ],
            [
              123.55,
              35.25
            ],
            [
              123.55,
              34.75
            ],
            [
              123.55,
              34.25
            ],
            [
              124.25,
              34.25
            ],
            [
              124.25,
              33.75
            ],
            [
              124.94999999999999,
              33.75
            ],
            [
              124.94999999999999,
              33.25
            ],
            [
              124.94999999999999,
              32.75
            ],
            [
              124.25,
              32.75
            ],
            [
              124.25,
              32.25
            ],
            [
              123.55,
              32.25
            ],
            [
              123.55,
              31.75
            ],
            [
              122.85,
              31.75
            ],
            [
              122.15,
              31.75
            ],
            [
              122.15,
              31.25
            ],
            [
              121.44999999999999,
              31.25
            ],
            [
              120.75,
              31.25
            ],
            [
              120.05,
              31.25
            ],
            [
              119.35,
              31.25
            ],
            [
              119.35,
              30.75
            ],
            [
              118.65,
              30.75
            ],
            [
              117.94999999999999,
              30.75
            ],
            [
              117.25,
              30.75
            ],
            [
              116.55,
              30.75
            ],
            [
              115.85,
              30.75
            ],
            [
              115.15,
              30.75
            ],
            [
              114.44999999999999,
              30.75
            ],
            [
              113.75,
              30.75
            ],
            [
              113.75,
              30.25
            ],
            [
              113.75,
              29.75
            ],
            [
              113.05,
              29.75
            ],
            [
              113.05,
              29.25
            ],
            [
              113.05,
              28.75
            ],
            [
              112.35,
              28.75
            ],
            [
              112.35,
              28.25
            ],
            [
              111.65,
              28.25
            ],
            [
              110.94999999999999,
              28.25
            ],
            [
              110.25,
              28.25
            ],
            [
              109.55,
              28.25
            ],
            [
              108.85,
              28.25
            ],
            [
              108.85,
              28.75
            ],
            [
              108.15,
              28.75
            ],
            [
              107.44999999999999,
              28.75
            ],
            [
              107.44999999999999,
              29.25
            ],
            [
              106.75,
              29.25
            ],
            [
              106.75,
              29.75
            ],
            [
              106.05,
              29.75
            ],
            [
              106.05,
              30.25
            ]
          ]
        ]
      },
      "properties": {
        "id": "heavy_rain_risk_001",
        "feature_type": "heavy_rain_risk",
        "title": "强降水潜势区",
        "rank": 1,
        "risk_level": "high",
        "zone": "core",
        "confidence": 0.85,
        "point_count": 327,
        "core_point_count": 113,
        "centroid": [
          114.7229357798165,
          33.12538226299694
        ],
        "bbox": [
          103.94999999999999,
          28.25,
          124.94999999999999,
          37.75
        ],
        "max_value": 0.8493642474889023,
        "mean_value": 0.7200072361757296,
        "score_threshold": 0.62,
        "high_score_threshold": 0.75,
        "dominant_factors": [
          {
            "factor": "upward_motion",
            "label": "700hPa 上升运动",
            "weight": 0.2,
            "mean_score": 0.861,
            "mean_contribution": 0.172
          },
          {
            "factor": "moisture_convergence",
            "label": "水汽辐合",
            "weight": 0.25,
            "mean_score": 0.641,
            "mean_contribution": 0.16
          },
          {
            "factor": "moisture_flux",
            "label": "水汽通量",
            "weight": 0.2,
            "mean_score": 0.777,
            "mean_contribution": 0.155
          }
        ],
        "evidence": [
          "水汽输送、水汽辐合、低层辐合、上升运动和热力条件综合评分较高",
          "综合评分最大值 0.85，平均值 0.72",
          "核心区格点 113 个达到 0.75 高潜势阈值",
          "主导因子：700hPa 上升运动 0.17、水汽辐合 0.16、水汽通量 0.15",
          "关联天气系统：850hPa 低层辐合区、850hPa 低空急流轴、850hPa 水汽输送带"
        ],
        "supporting_systems": [
          {
            "id": "low_level_convergence_001",
            "system_id": "low_level_convergence_001",
            "type": "low_level_convergence",
            "name": "850hPa 低层辐合区",
            "relation": "overlap",
            "distance_degrees": 0.0,
            "relevance": 0.965,
            "reason": "低层辐合区与风险区空间重叠，可作为天气学支撑系统"
          },
          {
            "id": "low_level_jet_001",
            "system_id": "low_level_jet_001",
            "type": "low_level_jet",
            "name": "850hPa 低空急流轴",
            "relation": "overlap",
            "distance_degrees": 0.0,
            "relevance": 0.944,
            "reason": "低空急流与风险区空间重叠，可作为天气学支撑系统"
          },
          {
            "id": "moisture_transport_001",
            "system_id": "moisture_transport_001",
            "type": "moisture_transport",
            "name": "850hPa 水汽输送带",
            "relation": "overlap",
            "distance_degrees": 0.0,
            "relevance": 0.93,
            "reason": "水汽输送带与风险区空间重叠，可作为天气学支撑系统"
          },
          {
            "id": "upper_divergence_001",
            "system_id": "upper_divergence_001",
            "type": "upper_divergence",
            "name": "200hPa 高空辐散区",
            "relation": "overlap",
            "distance_degrees": 0.0,
            "relevance": 0.825,
            "reason": "高空辐散区与风险区空间重叠，可作为天气学支撑系统"
          },
          {
            "id": "front_candidate_001",
            "system_id": "front_candidate_001",
            "type": "front_candidate",
            "name": "锋面候选区",
            "relation": "overlap",
            "distance_degrees": 0.0,
            "relevance": 0.804,
            "reason": "锋面候选区与风险区空间重叠，可作为天气学支撑系统"
          }
        ]
      }
    },
    {
      "type": "Feature",
      "geometry": {
        "type": "Polygon",
        "coordinates": [
          [
            [
              99.75,
              28.25
            ],
            [
              99.05000000000001,
              28.25
            ],
            [
              99.05000000000001,
              28.75
            ],
            [
              99.05000000000001,
              29.25
            ],
            [
              99.05000000000001,
              29.75
            ],
            [
              98.35,
              29.75
            ],
            [
              98.35,
              29.25
            ],
            [
              98.35,
              28.75
            ],
            [
              97.65,
              28.75
            ],
            [
              96.94999999999999,
              28.75
            ],
            [
              96.94999999999999,
              29.25
            ],
            [
              96.94999999999999,
              29.75
            ],
            [
              96.25,
              29.75
            ],
            [
              96.25,
              30.25
            ],
            [
              96.94999999999999,
              30.25
            ],
            [
              96.94999999999999,
              30.75
            ],
            [
              96.94999999999999,
              31.25
            ],
            [
              96.94999999999999,
              31.75
            ],
            [
              96.94999999999999,
              32.25
            ],
            [
              97.65,
              32.25
            ],
            [
              97.65,
              32.75
            ],
            [
              98.35,
              32.75
            ],
            [
              98.35,
              33.25
            ],
            [
              99.05000000000001,
              33.25
            ],
            [
              99.75,
              33.25
            ],
            [
              100.44999999999999,
              33.25
            ],
            [
              100.44999999999999,
              32.75
            ],
            [
              100.44999999999999,
              32.25
            ],
            [
              101.15,
              32.25
            ],
            [
              101.85,
              32.25
            ],
            [
              101.85,
              32.75
            ],
            [
              102.55,
              32.75
            ],
            [
              102.55,
              33.25
            ],
            [
              102.55,
              33.75
            ],
            [
              102.55,
              34.25
            ],
            [
              103.25,
              34.25
            ],
            [
              103.25,
              33.75
            ],
            [
              103.25,
              33.25
            ],
            [
              103.94999999999999,
              33.25
            ],
            [
              103.94999999999999,
              33.75
            ],
            [
              103.94999999999999,
              34.25
            ],
            [
              104.65,
              34.25
            ],
            [
              104.65,
              34.75
            ],
            [
              104.65,
              35.25
            ],
            [
              105.35,
              35.25
            ],
            [
              105.35,
              34.75
            ],
            [
              106.05,
              34.75
            ],
            [
              106.05,
              34.25
            ],
            [
              106.75,
              34.25
            ],
            [
              107.44999999999999,
              34.25
            ],
            [
              107.44999999999999,
              34.75
            ],
            [
              108.15,
              34.75
            ],
            [
              108.15,
              34.25
            ],
            [
              108.85,
              34.25
            ],
            [
              108.85,
              33.75
            ],
            [
              109.55,
              33.75
            ],
            [
              109.55,
              34.25
            ],
            [
              109.55,
              34.75
            ],
            [
              108.85,
              34.75
            ],
            [
              108.85,
              35.25
            ],
            [
              108.15,
              35.25
            ],
            [
              107.44999999999999,
              35.25
            ],
            [
              107.44999999999999,
              35.75
            ],
            [
              108.15,
              35.75
            ],
            [
              108.85,
              35.75
            ],
            [
              108.85,
              36.25
            ],
            [
              109.55,
              36.25
            ],
            [
              109.55,
              35.75
            ],
            [
              109.55,
              35.25
            ],
            [
              110.25,
              35.25
            ],
            [
              110.25,
              34.75
            ],
            [
              110.94999999999999,
              34.75
            ],
            [
              110.94999999999999,
              34.25
            ],
            [
              111.65,
              34.25
            ],
            [
              111.65,
              33.75
            ],
            [
              112.35,
              33.75
            ],
            [
              112.35,
              33.25
            ],
            [
              113.05,
              33.25
            ],
            [
              113.05,
              32.75
            ],
            [
              113.05,
              32.25
            ],
            [
              113.05,
              31.75
            ],
            [
              113.75,
              31.75
            ],
            [
              114.44999999999999,
              31.75
            ],
            [
              115.15,
              31.75
            ],
            [
              115.15,
              32.25
            ],
            [
              115.15,
              32.75
            ],
            [
              115.15,
              33.25
            ],
            [
              115.15,
              33.75
            ],
            [
              114.44999999999999,
              33.75
            ],
            [
              114.44999999999999,
              33.25
            ],
            [
              114.44999999999999,
              32.75
            ],
            [
              114.44999999999999,
              32.25
            ],
            [
              113.75,
              32.25
            ],
            [
              113.75,
              32.75
            ],
            [
              113.75,
              33.25
            ],
            [
              113.75,
              33.75
            ],
            [
              113.75,
              34.25
            ],
            [
              114.44999999999999,
              34.25
            ],
            [
              114.44999999999999,
              34.75
            ],
            [
              113.75,
              34.75
            ],
            [
              113.75,
              35.25
            ],
            [
              113.75,
              35.75
            ],
            [
              114.44999999999999,
              35.75
            ],
            [
              114.44999999999999,
              36.25
            ],
            [
              115.15,
              36.25
            ],
            [
              115.15,
              36.75
            ],
            [
              115.85,
              36.75
            ],
            [
              116.55,
              36.75
            ],
            [
              116.55,
              36.25
            ],
            [
              115.85,
              36.25
            ],
            [
              115.85,
              35.75
            ],
            [
              116.55,
              35.75
            ],
            [
              117.25,
              35.75
            ],
            [
              117.25,
              36.25
            ],
            [
              117.94999999999999,
              36.25
            ],
            [
              118.65,
              36.25
            ],
            [
              119.35,
              36.25
            ],
            [
              119.35,
              35.75
            ],
            [
              118.65,
              35.75
            ],
            [
              117.94999999999999,
              35.75
            ],
            [
              117.94999999999999,
              35.25
            ],
            [
              118.65,
              35.25
            ],
            [
              118.65,
              34.75
            ],
            [
              119.35,
              34.75
            ],
            [
              119.35,
              34.25
            ],
            [
              120.05,
              34.25
            ],
            [
              120.75,
              34.25
            ],
            [
              121.44999999999999,
              34.25
            ],
            [
              121.44999999999999,
              33.75
            ],
            [
              120.75,
              33.75
            ],
            [
              120.75,
              33.25
            ],
            [
              121.44999999999999,
              33.25
            ],
            [
              121.44999999999999,
              32.75
            ],
            [
              121.44999999999999,
              32.25
            ],
            [
              120.75,
              32.25
            ],
            [
              120.75,
              31.75
            ],
            [
              120.75,
              31.25
            ],
            [
              121.44999999999999,
              31.25
            ],
            [
              121.44999999999999,
              31.75
            ],
            [
              122.15,
              31.75
            ],
            [
              122.15,
              32.25
            ],
            [
              122.85,
              32.25
            ],
            [
              122.85,
              31.75
            ],
            [
              123.55,
              31.75
            ],
            [
              123.55,
              31.25
            ],
            [
              123.55,
              30.75
            ],
            [
              122.85,
              30.75
            ],
            [
              122.15,
              30.75
            ],
            [
              121.44999999999999,
              30.75
            ],
            [
              121.44999999999999,
              30.25
            ],
            [
              121.44999999999999,
              29.75
            ],
            [
              121.44999999999999,
              29.25
            ],
            [
              120.75,
              29.25
            ],
            [
              120.75,
              29.75
            ],
            [
              120.05,
              29.75
            ],
            [
              119.35,
              29.75
            ],
            [
              118.65,
              29.75
            ],
            [
              118.65,
              29.25
            ],
            [
              117.94999999999999,
              29.25
            ],
            [
              117.94999999999999,
              28.75
            ],
            [
              117.25,
              28.75
            ],
            [
              116.55,
              28.75
            ],
            [
              116.55,
              28.25
            ],
            [
              115.85,
              28.25
            ],
            [
              115.85,
              27.75
            ],
            [
              115.15,
              27.75
            ],
            [
              114.44999999999999,
              27.75
            ],
            [
              114.44999999999999,
              27.25
            ],
            [
              113.75,
              27.25
            ],
            [
              113.75,
              26.75
            ],
            [
              113.05,
              26.75
            ],
            [
              112.35,
              26.75
            ],
            [
              111.65,
              26.75
            ],
            [
              111.65,
              26.25
            ],
            [
              110.94999999999999,
              26.25
            ],
            [
              110.25,
              26.25
            ],
            [
              109.55,
              26.25
            ],
            [
              109.55,
              26.75
            ],
            [
              108.85,
              26.75
            ],
            [
              108.85,
              26.25
            ],
            [
              108.15,
              26.25
            ],
            [
              108.15,
              26.75
            ],
            [
              107.44999999999999,
              26.75
            ],
            [
              106.75,
              26.75
            ],
            [
              106.05,
              26.75
            ],
            [
              106.05,
              26.25
            ],
            [
              105.35,
              26.25
            ],
            [
              104.65,
              26.25
            ],
            [
              104.65,
              26.75
            ],
            [
              103.94999999999999,
              26.75
            ],
            [
              103.94999999999999,
              26.25
            ],
            [
              103.25,
              26.25
            ],
            [
              103.25,
              26.75
            ],
            [
              103.25,
              27.25
            ],
            [
              103.94999999999999,
              27.25
            ],
            [
              103.94999999999999,
              27.75
            ],
            [
              103.94999999999999,
              28.25
            ],
            [
              103.25,
              28.25
            ],
            [
              103.25,
              27.75
            ],
            [
              102.55,
              27.75
            ],
            [
              101.85,
              27.75
            ],
            [
              101.85,
              27.25
            ],
            [
              101.15,
              27.25
            ],
            [
              101.15,
              27.75
            ],
            [
              101.15,
              28.25
            ],
            [
              100.44999999999999,
              28.25
            ],
            [
              100.44999999999999,
              28.75
            ],
            [
              99.75,
              28.75
            ],
            [
              99.75,
              28.25
            ]
          ],
          [
            [
              104.65,
              33.75
            ],
            [
              104.65,
              33.25
            ],
            [
              105.35,
              33.25
            ],
            [
              105.35,
              33.75
            ],
            [
              105.35,
              34.25
            ],
            [
              104.65,
              34.25
            ],
            [
              104.65,
              33.75
            ]
          ],
          [
            [
              110.25,
              34.25
            ],
            [
              110.25,
              33.75
            ],
            [
              110.94999999999999,
              33.75
            ],
            [
              110.94999999999999,
              34.25
            ],
            [
              110.25,
              34.25
            ]
          ],
          [
            [
              114.44999999999999,
              35.25
            ],
            [
              115.15,
              35.25
            ],
            [
              115.15,
              35.75
            ],
            [
              114.44999999999999,
              35.75
            ],
            [
              114.44999999999999,
              35.25
            ]
          ],
          [
            [
              115.15,
              34.75
            ],
            [
              115.85,
              34.75
            ],
            [
              115.85,
              35.25
            ],
            [
              115.15,
              35.25
            ],
            [
              115.15,
              34.75
            ]
          ],
          [
            [
              117.25,
              35.25
            ],
            [
              117.25,
              34.75
            ],
            [
              117.25,
              34.25
            ],
            [
              117.25,
              33.75
            ],
            [
              117.25,
              33.25
            ],
            [
              117.94999999999999,
              33.25
            ],
            [
              117.94999999999999,
              33.75
            ],
            [
              117.94999999999999,
              34.25
            ],
            [
              117.94999999999999,
              34.75
            ],
            [
              117.94999999999999,
              35.25
            ],
            [
              117.25,
              35.25
            ]
          ],
          [
            [
              115.85,
              28.75
            ],
            [
              115.15,
              28.75
            ],
            [
              115.15,
              28.25
            ],
            [
              115.85,
              28.25
            ],
            [
              115.85,
              28.75
            ]
          ],
          [
            [
              113.75,
              27.75
            ],
            [
              113.05,
              27.75
            ],
            [
              113.05,
              28.25
            ],
            [
              112.35,
              28.25
            ],
            [
              112.35,
              27.75
            ],
            [
              111.65,
              27.75
            ],
            [
              111.65,
              27.25
            ],
            [
              112.35,
              27.25
            ],
            [
              113.05,
              27.25
            ],
            [
              113.75,
              27.25
            ],
            [
              113.75,
              27.75
            ]
          ],
          [
            [
              103.25,
              28.75
            ],
            [
              102.55,
              28.75
            ],
            [
              102.55,
              28.25
            ],
            [
              103.25,
              28.25
            ],
            [
              103.25,
              28.75
            ]
          ],
          [
            [
              97.65,
              30.75
            ],
            [
              98.35,
              30.75
            ],
            [
              98.35,
              31.25
            ],
            [
              97.65,
              31.25
            ],
            [
              97.65,
              30.75
            ]
          ],
          [
            [
              100.44999999999999,
              29.75
            ],
            [
              100.44999999999999,
              30.25
            ],
            [
              99.75,
              30.25
            ],
            [
              99.75,
              29.75
            ],
            [
              99.75,
              29.25
            ],
            [
              100.44999999999999,
              29.25
            ],
            [
              100.44999999999999,
              29.75
            ]
          ],
          [
            [
              99.75,
              31.25
            ],
            [
              99.05000000000001,
              31.25
            ],
            [
              99.05000000000001,
              30.75
            ],
            [
              99.75,
              30.75
            ],
            [
              99.75,
              31.25
            ]
          ],
          [
            [
              106.75,
              27.75
            ],
            [
              106.75,
              27.25
            ],
            [
              107.44999999999999,
              27.25
            ],
            [
              107.44999999999999,
              27.75
            ],
            [
              106.75,
              27.75
            ]
          ],
          [
            [
              114.44999999999999,
              29.75
            ],
            [
              115.15,
              29.75
            ],
            [
              115.15,
              30.25
            ],
            [
              115.15,
              30.75
            ],
            [
              115.15,
              31.25
            ],
            [
              114.44999999999999,
              31.25
            ],
            [
              114.44999999999999,
              30.75
            ],
            [
              114.44999999999999,
              30.25
            ],
            [
              114.44999999999999,
              29.75
            ]
          ],
          [
            [
              113.75,
              29.25
            ],
            [
              113.75,
              29.75
            ],
            [
              113.05,
              29.75
            ],
            [
              113.05,
              29.25
            ],
            [
              113.05,
              28.75
            ],
            [
              113.75,
              28.75
            ],
            [
              113.75,
              29.25
            ]
          ],
          [
            [
              117.25,
              32.25
            ],
            [
              117.25,
              32.75
            ],
            [
              116.55,
              32.75
            ],
            [
              116.55,
              32.25
            ],
            [
              117.25,
              32.25
            ]
          ],
          [
            [
              117.25,
              29.75
            ],
            [
              117.94999999999999,
              29.75
            ],
            [
              117.94999999999999,
              30.25
            ],
            [
              118.65,
              30.25
            ],
            [
              118.65,
              30.75
            ],
            [
              117.94999999999999,
              30.75
            ],
            [
              117.94999999999999,
              31.25
            ],
            [
              117.25,
              31.25
            ],
            [
              117.25,
              30.75
            ],
            [
              117.25,
              30.25
            ],
            [
              117.25,
              29.75
            ]
          ],
          [
            [
              119.35,
              30.75
            ],
            [
              119.35,
              31.25
            ],
            [
              118.65,
              31.25
            ],
            [
              118.65,
              30.75
            ],
            [
              119.35,
              30.75
            ]
          ],
          [
            [
              115.85,
              33.75
            ],
            [
              115.85,
              33.25
            ],
            [
              116.55,
              33.25
            ],
            [
              116.55,
              33.75
            ],
            [
              115.85,
              33.75
            ]
          ],
          [
            [
              115.85,
              31.25
            ],
            [
              115.85,
              30.75
            ],
            [
              115.85,
              30.25
            ],
            [
              115.85,
              29.75
            ],
            [
              116.55,
              29.75
            ],
            [
              116.55,
              30.25
            ],
            [
              116.55,
              30.75
            ],
            [
              116.55,
              31.25
            ],
            [
              115.85,
              31.25
            ]
          ],
          [
            [
              120.75,
              30.25
            ],
            [
              120.75,
              30.75
            ],
            [
              120.05,
              30.75
            ],
            [
              120.05,
              30.25
            ],
            [
              120.75,
              30.25
            ]
          ],
          [
            [
              117.94999999999999,
              32.25
            ],
            [
              118.65,
              32.25
            ],
            [
              118.65,
              32.75
            ],
            [
              117.94999999999999,
              32.75
            ],
            [
              117.94999999999999,
              32.25
            ]
          ],
          [
            [
              119.35,
              32.25
            ],
            [
              120.05,
              32.25
            ],
            [
              120.05,
              32.75
            ],
            [
              119.35,
              32.75
            ],
            [
              119.35,
              32.25
            ]
          ]
        ]
      },
      "properties": {
        "id": "convection_risk_001",
        "feature_type": "convection_risk",
        "title": "强对流潜势区",
        "rank": 1,
        "risk_level": "high",
        "zone": "core",
        "confidence": 0.88,
        "point_count": 423,
        "core_point_count": 193,
        "centroid": [
          109.5144208037825,
          31.016548463356973
        ],
        "bbox": [
          96.25,
          26.25,
          123.55,
          36.75
        ],
        "max_value": 0.9322543071191898,
        "mean_value": 0.7208727675135,
        "score_threshold": 0.6,
        "high_score_threshold": 0.72,
        "dominant_factors": [
          {
            "factor": "cape",
            "label": "CAPE",
            "weight": 0.28,
            "mean_score": 0.9,
            "mean_contribution": 0.252
          },
          {
            "factor": "shear_0_6km",
            "label": "0-6km 风切变",
            "weight": 0.22,
            "mean_score": 0.589,
            "mean_contribution": 0.129
          },
          {
            "factor": "moisture",
            "label": "低层水汽",
            "weight": 0.13,
            "mean_score": 0.907,
            "mean_contribution": 0.118
          }
        ],
        "evidence": [
          "CAPE、CIN、风切变、低层水汽、低层触发条件综合评分较高",
          "综合评分最大值 0.93，平均值 0.72",
          "核心区格点 193 个达到 0.72 高潜势阈值",
          "主导因子：CAPE 0.25、0-6km 风切变 0.13、低层水汽 0.12",
          "关联天气系统：850hPa 低层辐合区、200hPa 高空辐散区、锋面候选区"
        ],
        "supporting_systems": [
          {
            "id": "low_level_convergence_001",
            "system_id": "low_level_convergence_001",
            "type": "low_level_convergence",
            "name": "850hPa 低层辐合区",
            "relation": "overlap",
            "distance_degrees": 0.0,
            "relevance": 1.0,
            "reason": "低层辐合区与风险区空间重叠，可作为天气学支撑系统"
          },
          {
            "id": "upper_divergence_001",
            "system_id": "upper_divergence_001",
            "type": "upper_divergence",
            "name": "200hPa 高空辐散区",
            "relation": "overlap",
            "distance_degrees": 0.0,
            "relevance": 0.965,
            "reason": "高空辐散区与风险区空间重叠，可作为天气学支撑系统"
          },
          {
            "id": "front_candidate_001",
            "system_id": "front_candidate_001",
            "type": "front_candidate",
            "name": "锋面候选区",
            "relation": "overlap",
            "distance_degrees": 0.0,
            "relevance": 0.902,
            "reason": "锋面候选区与风险区空间重叠，可作为天气学支撑系统"
          },
          {
            "id": "trough_003",
            "system_id": "trough_003",
            "type": "trough",
            "name": "500hPa 槽线",
            "relation": "overlap",
            "distance_degrees": 0.0,
            "relevance": 0.832,
            "reason": "槽线与风险区空间重叠，可作为天气学支撑系统"
          },
          {
            "id": "low_level_jet_001",
            "system_id": "low_level_jet_001",
            "type": "low_level_jet",
            "name": "850hPa 低空急流轴",
            "relation": "overlap",
            "distance_degrees": 0.0,
            "relevance": 0.804,
            "reason": "低空急流与风险区空间重叠，可作为天气学支撑系统"
          }
        ]
      }
    },
    {
      "type": "Feature",
      "geometry": {
        "type": "Polygon",
        "coordinates": [
          [
            [
              106.75,
              29.75
            ],
            [
              106.05,
              29.75
            ],
            [
              106.05,
              30.25
            ],
            [
              106.05,
              30.75
            ],
            [
              105.35,
              30.75
            ],
            [
              105.35,
              31.25
            ],
            [
              104.65,
              31.25
            ],
            [
              104.65,
              31.75
            ],
            [
              104.65,
              32.25
            ],
            [
              104.65,
              32.75
            ],
            [
              105.35,
              32.75
            ],
            [
              105.35,
              33.25
            ],
            [
              106.05,
              33.25
            ],
            [
              106.05,
              33.75
            ],
            [
              106.75,
              33.75
            ],
            [
              107.44999999999999,
              33.75
            ],
            [
              107.44999999999999,
              34.25
            ],
            [
              108.15,
              34.25
            ],
            [
              108.85,
              34.25
            ],
            [
              108.85,
              34.75
            ],
            [
              109.55,
              34.75
            ],
            [
              109.55,
              35.25
            ],
            [
              110.25,
              35.25
            ],
            [
              110.94999999999999,
              35.25
            ],
            [
              110.94999999999999,
              35.75
            ],
            [
              111.65,
              35.75
            ],
            [
              112.35,
              35.75
            ],
            [
              112.35,
              36.25
            ],
            [
              113.05,
              36.25
            ],
            [
              113.75,
              36.25
            ],
            [
              113.75,
              36.75
            ],
            [
              114.44999999999999,
              36.75
            ],
            [
              115.15,
              36.75
            ],
            [
              115.15,
              37.25
            ],
            [
              115.85,
              37.25
            ],
            [
              116.55,
              37.25
            ],
            [
              117.25,
              37.25
            ],
            [
              117.25,
              37.75
            ],
            [
              117.94999999999999,
              37.75
            ],
            [
              118.65,
              37.75
            ],
            [
              119.35,
              37.75
            ],
            [
              120.05,
              37.75
            ],
            [
              120.05,
              37.25
            ],
            [
              120.75,
              37.25
            ],
            [
              121.44999999999999,
              37.25
            ],
            [
              121.44999999999999,
              36.75
            ],
            [
              122.15,
              36.75
            ],
            [
              122.15,
              36.25
            ],
            [
              122.85,
              36.25
            ],
            [
              122.85,
              35.75
            ],
            [
              122.85,
              35.25
            ],
            [
              122.85,
              34.75
            ],
            [
              122.85,
              34.25
            ],
            [
              123.55,
              34.25
            ],
            [
              123.55,
              33.75
            ],
            [
              124.25,
              33.75
            ],
            [
              124.25,
              33.25
            ],
            [
              124.25,
              32.75
            ],
            [
              124.25,
              32.25
            ],
            [
              123.55,
              32.25
            ],
            [
              123.55,
              31.75
            ],
            [
              122.85,
              31.75
            ],
            [
              122.15,
              31.75
            ],
            [
              121.44999999999999,
              31.75
            ],
            [
              121.44999999999999,
              31.25
            ],
            [
              120.75,
              31.25
            ],
            [
              120.05,
              31.25
            ],
            [
              120.05,
              30.75
            ],
            [
              119.35,
              30.75
            ],
            [
              118.65,
              30.75
            ],
            [
              117.94999999999999,
              30.75
            ],
            [
              117.25,
              30.75
            ],
            [
              117.25,
              30.25
            ],
            [
              116.55,
              30.25
            ],
            [
              115.85,
              30.25
            ],
            [
              115.15,
              30.25
            ],
            [
              114.44999999999999,
              30.25
            ],
            [
              114.44999999999999,
              29.75
            ],
            [
              113.75,
              29.75
            ],
            [
              113.75,
              29.25
            ],
            [
              113.05,
              29.25
            ],
            [
              113.05,
              28.75
            ],
            [
              112.35,
              28.75
            ],
            [
              112.35,
              28.25
            ],
            [
              111.65,
              28.25
            ],
            [
              110.94999999999999,
              28.25
            ],
            [
              110.25,
              28.25
            ],
            [
              109.55,
              28.25
            ],
            [
              109.55,
              28.75
            ],
            [
              108.85,
              28.75
            ],
            [
              108.15,
              28.75
            ],
            [
              108.15,
              29.25
            ],
            [
              107.44999999999999,
              29.25
            ],
            [
              106.75,
              29.25
            ],
            [
              106.75,
              29.75
            ]
          ]
        ]
      },
      "properties": {
        "id": "persistent_heavy_rain_risk_001",
        "feature_type": "persistent_heavy_rain_risk",
        "title": "持续性强降水风险区",
        "rank": 1,
        "risk_level": "high",
        "zone": "core",
        "confidence": 0.84,
        "point_count": 321,
        "core_point_count": 101,
        "centroid": [
          114.56666666666668,
          33.03582554517134
        ],
        "bbox": [
          104.65,
          28.25,
          124.25,
          37.75
        ],
        "max_value": 0.8399999999999999,
        "mean_value": 0.7095317221828012,
        "score_threshold": 0.6,
        "high_score_threshold": 0.75,
        "dominant_factors": [
          {
            "factor": "upward_motion",
            "label": "700hPa 上升运动",
            "weight": 0.2,
            "mean_score": 0.88,
            "mean_contribution": 0.176
          },
          {
            "factor": "moisture_flux",
            "label": "水汽通量",
            "weight": 0.22,
            "mean_score": 0.786,
            "mean_contribution": 0.173
          },
          {
            "factor": "precipitation",
            "label": "模式降水",
            "weight": 0.18,
            "mean_score": 0.863,
            "mean_contribution": 0.155
          }
        ],
        "evidence": [
          "持续性强降水综合评分较高",
          "综合评分最大值 0.84，平均值 0.71",
          "核心区格点 101 个达到 0.75 高潜势阈值",
          "主导因子：700hPa 上升运动 0.18、水汽通量 0.17、模式降水 0.15",
          "关联天气系统：850hPa 低层辐合区、850hPa 低空急流轴、850hPa 水汽输送带"
        ],
        "hazard_type": "persistent_heavy_rain",
        "risk_domain": [
          "precipitation"
        ],
        "mechanism_tags": [
          "persistent_moisture_transport",
          "large_scale_lift"
        ],
        "source_grid": "risk_persistent_heavy_rain_score",
        "supporting_systems": [
          {
            "id": "low_level_convergence_001",
            "system_id": "low_level_convergence_001",
            "type": "low_level_convergence",
            "name": "850hPa 低层辐合区",
            "relation": "overlap",
            "distance_degrees": 0.0,
            "relevance": 0.965,
            "reason": "低层辐合区与风险区空间重叠，可作为天气学支撑系统"
          },
          {
            "id": "low_level_jet_001",
            "system_id": "low_level_jet_001",
            "type": "low_level_jet",
            "name": "850hPa 低空急流轴",
            "relation": "overlap",
            "distance_degrees": 0.0,
            "relevance": 0.944,
            "reason": "低空急流与风险区空间重叠，可作为天气学支撑系统"
          },
          {
            "id": "moisture_transport_001",
            "system_id": "moisture_transport_001",
            "type": "moisture_transport",
            "name": "850hPa 水汽输送带",
            "relation": "overlap",
            "distance_degrees": 0.0,
            "relevance": 0.93,
            "reason": "水汽输送带与风险区空间重叠，可作为天气学支撑系统"
          },
          {
            "id": "upper_divergence_001",
            "system_id": "upper_divergence_001",
            "type": "upper_divergence",
            "name": "200hPa 高空辐散区",
            "relation": "overlap",
            "distance_degrees": 0.0,
            "relevance": 0.825,
            "reason": "高空辐散区与风险区空间重叠，可作为天气学支撑系统"
          },
          {
            "id": "front_candidate_001",
            "system_id": "front_candidate_001",
            "type": "front_candidate",
            "name": "锋面候选区",
            "relation": "overlap",
            "distance_degrees": 0.0,
            "relevance": 0.804,
            "reason": "锋面候选区与风险区空间重叠，可作为天气学支撑系统"
          }
        ]
      }
    },
    {
      "type": "Feature",
      "geometry": {
        "type": "Polygon",
        "coordinates": [
          [
            [
              101.15,
              28.25
            ],
            [
              101.15,
              28.75
            ],
            [
              100.44999999999999,
              28.75
            ],
            [
              100.44999999999999,
              29.25
            ],
            [
              100.44999999999999,
              29.75
            ],
            [
              99.75,
              29.75
            ],
            [
              99.75,
              30.25
            ],
            [
              99.75,
              30.75
            ],
            [
              100.44999999999999,
              30.75
            ],
            [
              100.44999999999999,
              31.25
            ],
            [
              100.44999999999999,
              31.75
            ],
            [
              100.44999999999999,
              32.25
            ],
            [
              101.15,
              32.25
            ],
            [
              101.15,
              32.75
            ],
            [
              101.85,
              32.75
            ],
            [
              101.85,
              33.25
            ],
            [
              102.55,
              33.25
            ],
            [
              103.25,
              33.25
            ],
            [
              103.25,
              33.75
            ],
            [
              103.94999999999999,
              33.75
            ],
            [
              104.65,
              33.75
            ],
            [
              105.35,
              33.75
            ],
            [
              106.05,
              33.75
            ],
            [
              106.75,
              33.75
            ],
            [
              106.75,
              34.25
            ],
            [
              107.44999999999999,
              34.25
            ],
            [
              108.15,
              34.25
            ],
            [
              108.85,
              34.25
            ],
            [
              109.55,
              34.25
            ],
            [
              109.55,
              34.75
            ],
            [
              110.25,
              34.75
            ],
            [
              110.94999999999999,
              34.75
            ],
            [
              110.94999999999999,
              35.25
            ],
            [
              111.65,
              35.25
            ],
            [
              112.35,
              35.25
            ],
            [
              112.35,
              35.75
            ],
            [
              113.05,
              35.75
            ],
            [
              113.75,
              35.75
            ],
            [
              114.44999999999999,
              35.75
            ],
            [
              114.44999999999999,
              36.25
            ],
            [
              115.15,
              36.25
            ],
            [
              115.15,
              36.75
            ],
            [
              115.85,
              36.75
            ],
            [
              116.55,
              36.75
            ],
            [
              116.55,
              37.25
            ],
            [
              117.25,
              37.25
            ],
            [
              117.94999999999999,
              37.25
            ],
            [
              117.94999999999999,
              37.75
            ],
            [
              118.65,
              37.75
            ],
            [
              119.35,
              37.75
            ],
            [
              120.05,
              37.75
            ],
            [
              120.75,
              37.75
            ],
            [
              121.44999999999999,
              37.75
            ],
            [
              122.15,
              37.75
            ],
            [
              122.15,
              37.25
            ],
            [
              122.85,
              37.25
            ],
            [
              122.85,
              36.75
            ],
            [
              123.55,
              36.75
            ],
            [
              123.55,
              36.25
            ],
            [
              123.55,
              35.75
            ],
            [
              124.25,
              35.75
            ],
            [
              124.25,
              35.25
            ],
            [
              124.25,
              34.75
            ],
            [
              123.55,
              34.75
            ],
            [
              123.55,
              34.25
            ],
            [
              124.25,
              34.25
            ],
            [
              124.94999999999999,
              34.25
            ],
            [
              124.94999999999999,
              33.75
            ],
            [
              125.65,
              33.75
            ],
            [
              125.65,
              33.25
            ],
            [
              126.35,
              33.25
            ],
            [
              126.35,
              32.75
            ],
            [
              125.65,
              32.75
            ],
            [
              125.65,
              32.25
            ],
            [
              124.94999999999999,
              32.25
            ],
            [
              124.94999999999999,
              31.75
            ],
            [
              124.25,
              31.75
            ],
            [
              124.25,
              31.25
            ],
            [
              123.55,
              31.25
            ],
            [
              122.85,
              31.25
            ],
            [
              122.15,
              31.25
            ],
            [
              121.44999999999999,
              31.25
            ],
            [
              121.44999999999999,
              30.75
            ],
            [
              120.75,
              30.75
            ],
            [
              120.05,
              30.75
            ],
            [
              119.35,
              30.75
            ],
            [
              118.65,
              30.75
            ],
            [
              117.94999999999999,
              30.75
            ],
            [
              117.25,
              30.75
            ],
            [
              116.55,
              30.75
            ],
            [
              115.85,
              30.75
            ],
            [
              115.15,
              30.75
            ],
            [
              114.44999999999999,
              30.75
            ],
            [
              113.75,
              30.75
            ],
            [
              113.75,
              30.25
            ],
            [
              113.75,
              29.75
            ],
            [
              113.75,
              29.25
            ],
            [
              113.75,
              28.75
            ],
            [
              113.75,
              28.25
            ],
            [
              113.05,
              28.25
            ],
            [
              113.05,
              27.75
            ],
            [
              112.35,
              27.75
            ],
            [
              112.35,
              27.25
            ],
            [
              111.65,
              27.25
            ],
            [
              110.94999999999999,
              27.25
            ],
            [
              110.94999999999999,
              26.75
            ],
            [
              110.25,
              26.75
            ],
            [
              109.55,
              26.75
            ],
            [
              108.85,
              26.75
            ],
            [
              108.15,
              26.75
            ],
            [
              108.15,
              27.25
            ],
            [
              107.44999999999999,
              27.25
            ],
            [
              106.75,
              27.25
            ],
            [
              106.05,
              27.25
            ],
            [
              105.35,
              27.25
            ],
            [
              104.65,
              27.25
            ],
            [
              104.65,
              27.75
            ],
            [
              103.94999999999999,
              27.75
            ],
            [
              103.25,
              27.75
            ],
            [
              102.55,
              27.75
            ],
            [
              101.85,
              27.75
            ],
            [
              101.85,
              28.25
            ],
            [
              101.15,
              28.25
            ]
          ]
        ]
      },
      "properties": {
        "id": "short_duration_heavy_rain_risk_001",
        "feature_type": "short_duration_heavy_rain_risk",
        "title": "短时强降水风险区",
        "rank": 1,
        "risk_level": "high",
        "zone": "core",
        "confidence": 0.84,
        "point_count": 450,
        "core_point_count": 117,
        "centroid": [
          112.68444444444442,
          32.18888888888889
        ],
        "bbox": [
          99.75,
          26.75,
          126.35,
          37.75
        ],
        "max_value": 0.8324515649277127,
        "mean_value": 0.6988868086549628,
        "score_threshold": 0.6,
        "high_score_threshold": 0.75,
        "dominant_factors": [
          {
            "factor": "k_index",
            "label": "K 指数",
            "weight": 0.18,
            "mean_score": 0.916,
            "mean_contribution": 0.165
          },
          {
            "factor": "cape",
            "label": "CAPE",
            "weight": 0.18,
            "mean_score": 0.872,
            "mean_contribution": 0.157
          },
          {
            "factor": "moisture_flux",
            "label": "水汽通量",
            "weight": 0.16,
            "mean_score": 0.787,
            "mean_contribution": 0.126
          }
        ],
        "evidence": [
          "短时强降水综合评分较高",
          "综合评分最大值 0.83，平均值 0.70",
          "核心区格点 117 个达到 0.75 高潜势阈值",
          "主导因子：K 指数 0.17、CAPE 0.16、水汽通量 0.13",
          "关联天气系统：850hPa 低层辐合区、850hPa 低空急流轴、850hPa 水汽输送带"
        ],
        "hazard_type": "short_duration_heavy_rain",
        "risk_domain": [
          "precipitation",
          "severe_convection"
        ],
        "mechanism_tags": [
          "convective",
          "low_level_convergence",
          "moisture_convergence"
        ],
        "source_grid": "risk_short_duration_heavy_rain_score",
        "supporting_systems": [
          {
            "id": "low_level_convergence_001",
            "system_id": "low_level_convergence_001",
            "type": "low_level_convergence",
            "name": "850hPa 低层辐合区",
            "relation": "overlap",
            "distance_degrees": 0.0,
            "relevance": 0.965,
            "reason": "低层辐合区与风险区空间重叠，可作为天气学支撑系统"
          },
          {
            "id": "low_level_jet_001",
            "system_id": "low_level_jet_001",
            "type": "low_level_jet",
            "name": "850hPa 低空急流轴",
            "relation": "overlap",
            "distance_degrees": 0.0,
            "relevance": 0.944,
            "reason": "低空急流与风险区空间重叠，可作为天气学支撑系统"
          },
          {
            "id": "moisture_transport_001",
            "system_id": "moisture_transport_001",
            "type": "moisture_transport",
            "name": "850hPa 水汽输送带",
            "relation": "overlap",
            "distance_degrees": 0.0,
            "relevance": 0.93,
            "reason": "水汽输送带与风险区空间重叠，可作为天气学支撑系统"
          },
          {
            "id": "upper_divergence_001",
            "system_id": "upper_divergence_001",
            "type": "upper_divergence",
            "name": "200hPa 高空辐散区",
            "relation": "overlap",
            "distance_degrees": 0.0,
            "relevance": 0.825,
            "reason": "高空辐散区与风险区空间重叠，可作为天气学支撑系统"
          },
          {
            "id": "front_candidate_001",
            "system_id": "front_candidate_001",
            "type": "front_candidate",
            "name": "锋面候选区",
            "relation": "overlap",
            "distance_degrees": 0.0,
            "relevance": 0.804,
            "reason": "锋面候选区与风险区空间重叠，可作为天气学支撑系统"
          }
        ]
      }
    },
    {
      "type": "Feature",
      "geometry": {
        "type": "Polygon",
        "coordinates": [
          [
            [
              104.65,
              27.25
            ],
            [
              104.65,
              27.75
            ],
            [
              103.94999999999999,
              27.75
            ],
            [
              103.94999999999999,
              28.25
            ],
            [
              103.25,
              28.25
            ],
            [
              103.25,
              28.75
            ],
            [
              102.55,
              28.75
            ],
            [
              101.85,
              28.75
            ],
            [
              101.85,
              29.25
            ],
            [
              101.85,
              29.75
            ],
            [
              101.15,
              29.75
            ],
            [
              101.15,
              30.25
            ],
            [
              101.15,
              30.75
            ],
            [
              101.15,
              31.25
            ],
            [
              100.44999999999999,
              31.25
            ],
            [
              100.44999999999999,
              30.75
            ],
            [
              100.44999999999999,
              30.25
            ],
            [
              99.75,
              30.25
            ],
            [
              99.05000000000001,
              30.25
            ],
            [
              98.35,
              30.25
            ],
            [
              98.35,
              29.75
            ],
            [
              97.65,
              29.75
            ],
            [
              97.65,
              30.25
            ],
            [
              97.65,
              30.75
            ],
            [
              98.35,
              30.75
            ],
            [
              98.35,
              31.25
            ],
            [
              97.65,
              31.25
            ],
            [
              97.65,
              31.75
            ],
            [
              98.35,
              31.75
            ],
            [
              98.35,
              32.25
            ],
            [
              99.05000000000001,
              32.25
            ],
            [
              99.05000000000001,
              31.75
            ],
            [
              99.05000000000001,
              31.25
            ],
            [
              99.05000000000001,
              30.75
            ],
            [
              99.75,
              30.75
            ],
            [
              99.75,
              31.25
            ],
            [
              99.75,
              31.75
            ],
            [
              99.75,
              32.25
            ],
            [
              99.75,
              32.75
            ],
            [
              100.44999999999999,
              32.75
            ],
            [
              100.44999999999999,
              32.25
            ],
            [
              101.15,
              32.25
            ],
            [
              101.15,
              31.75
            ],
            [
              101.85,
              31.75
            ],
            [
              101.85,
              32.25
            ],
            [
              102.55,
              32.25
            ],
            [
              103.25,
              32.25
            ],
            [
              103.94999999999999,
              32.25
            ],
            [
              103.94999999999999,
              32.75
            ],
            [
              103.94999999999999,
              33.25
            ],
            [
              104.65,
              33.25
            ],
            [
              105.35,
              33.25
            ],
            [
              105.35,
              33.75
            ],
            [
              106.05,
              33.75
            ],
            [
              106.05,
              34.25
            ],
            [
              106.75,
              34.25
            ],
            [
              106.75,
              33.75
            ],
            [
              107.44999999999999,
              33.75
            ],
            [
              107.44999999999999,
              34.25
            ],
            [
              107.44999999999999,
              34.75
            ],
            [
              108.15,
              34.75
            ],
            [
              108.15,
              34.25
            ],
            [
              108.85,
              34.25
            ],
            [
              108.85,
              33.75
            ],
            [
              108.85,
              33.25
            ],
            [
              109.55,
              33.25
            ],
            [
              109.55,
              33.75
            ],
            [
              109.55,
              34.25
            ],
            [
              109.55,
              34.75
            ],
            [
              109.55,
              35.25
            ],
            [
              110.25,
              35.25
            ],
            [
              110.25,
              34.75
            ],
            [
              110.94999999999999,
              34.75
            ],
            [
              110.94999999999999,
              34.25
            ],
            [
              111.65,
              34.25
            ],
            [
              111.65,
              33.75
            ],
            [
              112.35,
              33.75
            ],
            [
              112.35,
              33.25
            ],
            [
              113.05,
              33.25
            ],
            [
              113.05,
              32.75
            ],
            [
              113.05,
              32.25
            ],
            [
              113.05,
              31.75
            ],
            [
              113.75,
              31.75
            ],
            [
              114.44999999999999,
              31.75
            ],
            [
              115.15,
              31.75
            ],
            [
              115.15,
              32.25
            ],
            [
              115.15,
              32.75
            ],
            [
              115.15,
              33.25
            ],
            [
              115.85,
              33.25
            ],
            [
              116.55,
              33.25
            ],
            [
              117.25,
              33.25
            ],
            [
              117.94999999999999,
              33.25
            ],
            [
              118.65,
              33.25
            ],
            [
              119.35,
              33.25
            ],
            [
              119.35,
              32.75
            ],
            [
              119.35,
              32.25
            ],
            [
              118.65,
              32.25
            ],
            [
              118.65,
              32.75
            ],
            [
              117.94999999999999,
              32.75
            ],
            [
              117.94999999999999,
              32.25
            ],
            [
              117.94999999999999,
              31.75
            ],
            [
              118.65,
              31.75
            ],
            [
              119.35,
              31.75
            ],
            [
              120.05,
              31.75
            ],
            [
              120.75,
              31.75
            ],
            [
              120.75,
              31.25
            ],
            [
              121.44999999999999,
              31.25
            ],
            [
              121.44999999999999,
              31.75
            ],
            [
              122.15,
              31.75
            ],
            [
              122.85,
              31.75
            ],
            [
              123.55,
              31.75
            ],
            [
              123.55,
              31.25
            ],
            [
              123.55,
              30.75
            ],
            [
              123.55,
              30.25
            ],
            [
              122.85,
              30.25
            ],
            [
              122.85,
              30.75
            ],
            [
              122.15,
              30.75
            ],
            [
              121.44999999999999,
              30.75
            ],
            [
              121.44999999999999,
              30.25
            ],
            [
              121.44999999999999,
              29.75
            ],
            [
              121.44999999999999,
              29.25
            ],
            [
              121.44999999999999,
              28.75
            ],
            [
              120.75,
              28.75
            ],
            [
              120.75,
              29.25
            ],
            [
              120.05,
              29.25
            ],
            [
              120.05,
              29.75
            ],
            [
              119.35,
              29.75
            ],
            [
              118.65,
              29.75
            ],
            [
              118.65,
              29.25
            ],
            [
              117.94999999999999,
              29.25
            ],
            [
              117.94999999999999,
              28.75
            ],
            [
              117.25,
              28.75
            ],
            [
              116.55,
              28.75
            ],
            [
              116.55,
              28.25
            ],
            [
              115.85,
              28.25
            ],
            [
              115.85,
              27.75
            ],
            [
              115.15,
              27.75
            ],
            [
              114.44999999999999,
              27.75
            ],
            [
              114.44999999999999,
              27.25
            ],
            [
              113.75,
              27.25
            ],
            [
              113.75,
              27.75
            ],
            [
              113.75,
              28.25
            ],
            [
              113.05,
              28.25
            ],
            [
              112.35,
              28.25
            ],
            [
              112.35,
              28.75
            ],
            [
              112.35,
              29.25
            ],
            [
              111.65,
              29.25
            ],
            [
              111.65,
              28.75
            ],
            [
              110.94999999999999,
              28.75
            ],
            [
              110.94999999999999,
              28.25
            ],
            [
              110.94999999999999,
              27.75
            ],
            [
              110.94999999999999,
              27.25
            ],
            [
              110.94999999999999,
              26.75
            ],
            [
              111.65,
              26.75
            ],
            [
              111.65,
              26.25
            ],
            [
              110.94999999999999,
              26.25
            ],
            [
              110.25,
              26.25
            ],
            [
              110.25,
              26.75
            ],
            [
              110.25,
              27.25
            ],
            [
              110.25,
              27.75
            ],
            [
              110.25,
              28.25
            ],
            [
              109.55,
              28.25
            ],
            [
              108.85,
              28.25
            ],
            [
              108.85,
              28.75
            ],
            [
              108.15,
              28.75
            ],
            [
              107.44999999999999,
              28.75
            ],
            [
              106.75,
              28.75
            ],
            [
              106.05,
              28.75
            ],
            [
              106.05,
              28.25
            ],
            [
              106.75,
              28.25
            ],
            [
              107.44999999999999,
              28.25
            ],
            [
              107.44999999999999,
              27.75
            ],
            [
              106.75,
              27.75
            ],
            [
              106.05,
              27.75
            ],
            [
              106.05,
              27.25
            ],
            [
              106.05,
              26.75
            ],
            [
              106.05,
              26.25
            ],
            [
              105.35,
              26.25
            ],
            [
              104.65,
              26.25
            ],
            [
              104.65,
              26.75
            ],
            [
              104.65,
              27.25
            ]
          ],
          [
            [
              105.35,
              27.75
            ],
            [
              105.35,
              28.25
            ],
            [
              104.65,
              28.25
            ],
            [
              104.65,
              27.75
            ],
            [
              105.35,
              27.75
            ]
          ],
          [
            [
              102.55,
              29.75
            ],
            [
              102.55,
              30.25
            ],
            [
              101.85,
              30.25
            ],
            [
              101.85,
              29.75
            ],
            [
              102.55,
              29.75
            ]
          ],
          [
            [
              101.85,
              31.25
            ],
            [
              102.55,
              31.25
            ],
            [
              102.55,
              31.75
            ],
            [
              101.85,
              31.75
            ],
            [
              101.85,
              31.25
            ]
          ],
          [
            [
              108.15,
              33.25
            ],
            [
              107.44999999999999,
              33.25
            ],
            [
              106.75,
              33.25
            ],
            [
              106.05,
              33.25
            ],
            [
              106.05,
              32.75
            ],
            [
              106.75,
              32.75
            ],
            [
              106.75,
              32.25
            ],
            [
              107.44999999999999,
              32.25
            ],
            [
              107.44999999999999,
              32.75
            ],
            [
              108.15,
              32.75
            ],
            [
              108.85,
              32.75
            ],
            [
              108.85,
              33.25
            ],
            [
              108.15,
              33.25
            ]
          ],
          [
            [
              107.44999999999999,
              31.75
            ],
            [
              108.15,
              31.75
            ],
            [
              108.15,
              32.25
            ],
            [
              107.44999999999999,
              32.25
            ],
            [
              107.44999999999999,
              31.75
            ]
          ],
          [
            [
              110.25,
              34.25
            ],
            [
              110.25,
              33.75
            ],
            [
              110.25,
              33.25
            ],
            [
              110.94999999999999,
              33.25
            ],
            [
              110.94999999999999,
              33.75
            ],
            [
              110.94999999999999,
              34.25
            ],
            [
              110.25,
              34.25
            ]
          ],
          [
            [
              120.05,
              31.25
            ],
            [
              120.05,
              30.75
            ],
            [
              120.05,
              30.25
            ],
            [
              120.75,
              30.25
            ],
            [
              120.75,
              30.75
            ],
            [
              120.75,
              31.25
            ],
            [
              120.05,
              31.25
            ]
          ],
          [
            [
              115.85,
              28.75
            ],
            [
              115.15,
              28.75
            ],
            [
              115.15,
              28.25
            ],
            [
              115.85,
              28.25
            ],
            [
              115.85,
              28.75
            ]
          ],
          [
            [
              113.05,
              29.25
            ],
            [
              113.05,
              28.75
            ],
            [
              113.75,
              28.75
            ],
            [
              113.75,
              29.25
            ],
            [
              113.75,
              29.75
            ],
            [
              113.05,
              29.75
            ],
            [
              112.35,
              29.75
            ],
            [
              112.35,
              29.25
            ],
            [
              113.05,
              29.25
            ]
          ],
          [
            [
              112.35,
              30.25
            ],
            [
              111.65,
              30.25
            ],
            [
              111.65,
              29.75
            ],
            [
              112.35,
              29.75
            ],
            [
              112.35,
              30.25
            ]
          ],
          [
            [
              111.65,
              30.75
            ],
            [
              110.94999999999999,
              30.75
            ],
            [
              110.25,
              30.75
            ],
            [
              109.55,
              30.75
            ],
            [
              109.55,
              31.25
            ],
            [
              108.85,
              31.25
            ],
            [
              108.15,
              31.25
            ],
            [
              107.44999999999999,
              31.25
            ],
            [
              107.44999999999999,
              30.75
            ],
            [
              108.15,
              30.75
            ],
            [
              108.85,
              30.75
            ],
            [
              108.85,
              30.25
            ],
            [
              109.55,
              30.25
            ],
            [
              110.25,
              30.25
            ],
            [
              110.94999999999999,
              30.25
            ],
            [
              111.65,
              30.25
            ],
            [
              111.65,
              30.75
            ]
          ],
          [
            [
              108.15,
              30.25
            ],
            [
              107.44999999999999,
              30.25
            ],
            [
              107.44999999999999,
              29.75
            ],
            [
              107.44999999999999,
              29.25
            ],
            [
              108.15,
              29.25
            ],
            [
              108.15,
              29.75
            ],
            [
              108.85,
              29.75
            ],
            [
              108.85,
              30.25
            ],
            [
              108.15,
              30.25
            ]
          ],
          [
            [
              110.94999999999999,
              29.25
            ],
            [
              110.25,
              29.25
            ],
            [
              110.25,
              28.75
            ],
            [
              110.94999999999999,
              28.75
            ],
            [
              110.94999999999999,
              29.25
            ]
          ],
          [
            [
              109.55,
              28.75
            ],
            [
              109.55,
              29.25
            ],
            [
              108.85,
              29.25
            ],
            [
              108.85,
              28.75
            ],
            [
              109.55,
              28.75
            ]
          ],
          [
            [
              103.94999999999999,
              30.75
            ],
            [
              104.65,
              30.75
            ],
            [
              104.65,
              30.25
            ],
            [
              105.35,
              30.25
            ],
            [
              105.35,
              30.75
            ],
            [
              106.05,
              30.75
            ],
            [
              106.05,
              30.25
            ],
            [
              106.75,
              30.25
            ],
            [
              106.75,
              30.75
            ],
            [
              106.75,
              31.25
            ],
            [
              106.05,
              31.25
            ],
            [
              105.35,
              31.25
            ],
            [
              104.65,
              31.25
            ],
            [
              103.94999999999999,
              31.25
            ],
            [
              103.94999999999999,
              30.75
            ]
          ],
          [
            [
              103.94999999999999,
              29.25
            ],
            [
              103.94999999999999,
              28.75
            ],
            [
              104.65,
              28.75
            ],
            [
              104.65,
              29.25
            ],
            [
              104.65,
              29.75
            ],
            [
              103.94999999999999,
              29.75
            ],
            [
              103.94999999999999,
              29.25
            ]
          ],
          [
            [
              110.94999999999999,
              31.25
            ],
            [
              110.94999999999999,
              31.75
            ],
            [
              110.25,
              31.75
            ],
            [
              110.25,
              31.25
            ],
            [
              110.94999999999999,
              31.25
            ]
          ],
          [
            [
              113.05,
              30.75
            ],
            [
              113.05,
              31.25
            ],
            [
              112.35,
              31.25
            ],
            [
              112.35,
              30.75
            ],
            [
              113.05,
              30.75
            ]
          ],
          [
            [
              115.85,
              30.25
            ],
            [
              115.85,
              29.75
            ],
            [
              116.55,
              29.75
            ],
            [
              116.55,
              29.25
            ],
            [
              117.25,
              29.25
            ],
            [
              117.25,
              29.75
            ],
            [
              117.94999999999999,
              29.75
            ],
            [
              117.94999999999999,
              30.25
            ],
            [
              118.65,
              30.25
            ],
            [
              118.65,
              30.75
            ],
            [
              117.94999999999999,
              30.75
            ],
            [
              117.94999999999999,
              31.25
            ],
            [
              117.25,
              31.25
            ],
            [
              117.25,
              30.75
            ],
            [
              116.55,
              30.75
            ],
            [
              116.55,
              31.25
            ],
            [
              115.85,
              31.25
            ],
            [
              115.85,
              30.75
            ],
            [
              115.85,
              30.25
            ]
          ],
          [
            [
              119.35,
              30.75
            ],
            [
              119.35,
              31.25
            ],
            [
              118.65,
              31.25
            ],
            [
              118.65,
              30.75
            ],
            [
              119.35,
              30.75
            ]
          ],
          [
            [
              114.44999999999999,
              30.25
            ],
            [
              114.44999999999999,
              29.75
            ],
            [
              115.15,
              29.75
            ],
            [
              115.15,
              30.25
            ],
            [
              115.15,
              30.75
            ],
            [
              115.15,
              31.25
            ],
            [
              114.44999999999999,
              31.25
            ],
            [
              114.44999999999999,
              30.75
            ],
            [
              114.44999999999999,
              30.25
            ]
          ],
          [
            [
              110.94999999999999,
              32.75
            ],
            [
              110.25,
              32.75
            ],
            [
              109.55,
              32.75
            ],
            [
              109.55,
              32.25
            ],
            [
              110.25,
              32.25
            ],
            [
              110.94999999999999,
              32.25
            ],
            [
              110.94999999999999,
              32.75
            ]
          ],
          [
            [
              108.85,
              32.25
            ],
            [
              108.85,
              31.75
            ],
            [
              109.55,
              31.75
            ],
            [
              109.55,
              32.25
            ],
            [
              108.85,
              32.25
            ]
          ],
          [
            [
              116.55,
              32.75
            ],
            [
              116.55,
              32.25
            ],
            [
              117.25,
              32.25
            ],
            [
              117.25,
              32.75
            ],
            [
              116.55,
              32.75
            ]
          ]
        ]
      },
      "properties": {
        "id": "hail_risk_001",
        "feature_type": "hail_risk",
        "title": "冰雹风险区",
        "rank": 1,
        "risk_level": "high",
        "zone": "core",
        "confidence": 0.85,
        "point_count": 237,
        "core_point_count": 104,
        "centroid": [
          110.12151898734176,
          30.742616033755276
        ],
        "bbox": [
          97.65,
          26.25,
          123.55,
          35.25
        ],
        "max_value": 0.8571428571428572,
        "mean_value": 0.7042269833507373,
        "score_threshold": 0.58,
        "high_score_threshold": 0.72,
        "dominant_factors": [
          {
            "factor": "cape",
            "label": "CAPE",
            "weight": 0.3,
            "mean_score": 0.94,
            "mean_contribution": 0.282
          },
          {
            "factor": "shear_0_6km",
            "label": "0-6km 风切变",
            "weight": 0.3,
            "mean_score": 0.703,
            "mean_contribution": 0.211
          }
        ],
        "evidence": [
          "冰雹综合评分较高",
          "综合评分最大值 0.86，平均值 0.70",
          "核心区格点 104 个达到 0.72 高潜势阈值",
          "主导因子：CAPE 0.28、0-6km 风切变 0.21",
          "关联天气系统：850hPa 低层辐合区、200hPa 高空辐散区、锋面候选区"
        ],
        "hazard_type": "hail",
        "risk_domain": [
          "severe_convection"
        ],
        "mechanism_tags": [
          "strong_updraft",
          "deep_layer_shear",
          "cold_mid_level"
        ],
        "source_grid": "risk_hail_score",
        "supporting_systems": [
          {
            "id": "low_level_convergence_001",
            "system_id": "low_level_convergence_001",
            "type": "low_level_convergence",
            "name": "850hPa 低层辐合区",
            "relation": "overlap",
            "distance_degrees": 0.0,
            "relevance": 1.0,
            "reason": "低层辐合区与风险区空间重叠，可作为天气学支撑系统"
          },
          {
            "id": "upper_divergence_001",
            "system_id": "upper_divergence_001",
            "type": "upper_divergence",
            "name": "200hPa 高空辐散区",
            "relation": "overlap",
            "distance_degrees": 0.0,
            "relevance": 0.965,
            "reason": "高空辐散区与风险区空间重叠，可作为天气学支撑系统"
          },
          {
            "id": "front_candidate_001",
            "system_id": "front_candidate_001",
            "type": "front_candidate",
            "name": "锋面候选区",
            "relation": "overlap",
            "distance_degrees": 0.0,
            "relevance": 0.902,
            "reason": "锋面候选区与风险区空间重叠，可作为天气学支撑系统"
          },
          {
            "id": "trough_003",
            "system_id": "trough_003",
            "type": "trough",
            "name": "500hPa 槽线",
            "relation": "overlap",
            "distance_degrees": 0.0,
            "relevance": 0.832,
            "reason": "槽线与风险区空间重叠，可作为天气学支撑系统"
          },
          {
            "id": "low_level_jet_001",
            "system_id": "low_level_jet_001",
            "type": "low_level_jet",
            "name": "850hPa 低空急流轴",
            "relation": "overlap",
            "distance_degrees": 0.0,
            "relevance": 0.804,
            "reason": "低空急流与风险区空间重叠，可作为天气学支撑系统"
          }
        ]
      }
    },
    {
      "type": "Feature",
      "geometry": {
        "type": "Polygon",
        "coordinates": [
          [
            [
              113.75,
              33.25
            ],
            [
              113.75,
              33.75
            ],
            [
              113.75,
              34.25
            ],
            [
              114.44999999999999,
              34.25
            ],
            [
              114.44999999999999,
              34.75
            ],
            [
              113.75,
              34.75
            ],
            [
              113.75,
              35.25
            ],
            [
              113.75,
              35.75
            ],
            [
              114.44999999999999,
              35.75
            ],
            [
              114.44999999999999,
              35.25
            ],
            [
              115.15,
              35.25
            ],
            [
              115.15,
              35.75
            ],
            [
              115.85,
              35.75
            ],
            [
              116.55,
              35.75
            ],
            [
              117.25,
              35.75
            ],
            [
              117.25,
              36.25
            ],
            [
              117.94999999999999,
              36.25
            ],
            [
              117.94999999999999,
              35.75
            ],
            [
              117.94999999999999,
              35.25
            ],
            [
              117.25,
              35.25
            ],
            [
              117.25,
              34.75
            ],
            [
              117.25,
              34.25
            ],
            [
              117.25,
              33.75
            ],
            [
              116.55,
              33.75
            ],
            [
              115.85,
              33.75
            ],
            [
              115.15,
              33.75
            ],
            [
              114.44999999999999,
              33.75
            ],
            [
              114.44999999999999,
              33.25
            ],
            [
              114.44999999999999,
              32.75
            ],
            [
              114.44999999999999,
              32.25
            ],
            [
              113.75,
              32.25
            ],
            [
              113.75,
              32.75
            ],
            [
              113.75,
              33.25
            ]
          ],
          [
            [
              115.15,
              34.75
            ],
            [
              115.85,
              34.75
            ],
            [
              115.85,
              35.25
            ],
            [
              115.15,
              35.25
            ],
            [
              115.15,
              34.75
            ]
          ],
          [
            [
              115.85,
              34.25
            ],
            [
              116.55,
              34.25
            ],
            [
              116.55,
              34.75
            ],
            [
              115.85,
              34.75
            ],
            [
              115.85,
              34.25
            ]
          ]
        ]
      },
      "properties": {
        "id": "hail_risk_002",
        "feature_type": "hail_risk",
        "title": "冰雹风险区",
        "rank": 2,
        "risk_level": "high",
        "zone": "core",
        "confidence": 0.85,
        "point_count": 21,
        "core_point_count": 8,
        "centroid": [
          115.56666666666665,
          34.57142857142857
        ],
        "bbox": [
          113.75,
          32.25,
          117.94999999999999,
          36.25
        ],
        "max_value": 0.8571428571428572,
        "mean_value": 0.6861294354851909,
        "score_threshold": 0.58,
        "high_score_threshold": 0.72,
        "dominant_factors": [
          {
            "factor": "cape",
            "label": "CAPE",
            "weight": 0.3,
            "mean_score": 0.867,
            "mean_contribution": 0.26
          },
          {
            "factor": "shear_0_6km",
            "label": "0-6km 风切变",
            "weight": 0.3,
            "mean_score": 0.734,
            "mean_contribution": 0.22
          }
        ],
        "evidence": [
          "冰雹综合评分较高",
          "综合评分最大值 0.86，平均值 0.69",
          "核心区格点 8 个达到 0.72 高潜势阈值",
          "主导因子：CAPE 0.26、0-6km 风切变 0.22",
          "关联天气系统：850hPa 低层辐合区、200hPa 高空辐散区、锋面候选区"
        ],
        "hazard_type": "hail",
        "risk_domain": [
          "severe_convection"
        ],
        "mechanism_tags": [
          "strong_updraft",
          "deep_layer_shear",
          "cold_mid_level"
        ],
        "source_grid": "risk_hail_score",
        "supporting_systems": [
          {
            "id": "low_level_convergence_002",
            "system_id": "low_level_convergence_002",
            "type": "low_level_convergence",
            "name": "850hPa 低层辐合区",
            "relation": "overlap",
            "distance_degrees": 0.0,
            "relevance": 1.0,
            "reason": "低层辐合区与风险区空间重叠，可作为天气学支撑系统"
          },
          {
            "id": "upper_divergence_001",
            "system_id": "upper_divergence_001",
            "type": "upper_divergence",
            "name": "200hPa 高空辐散区",
            "relation": "overlap",
            "distance_degrees": 0.0,
            "relevance": 0.965,
            "reason": "高空辐散区与风险区空间重叠，可作为天气学支撑系统"
          },
          {
            "id": "front_candidate_001",
            "system_id": "front_candidate_001",
            "type": "front_candidate",
            "name": "锋面候选区",
            "relation": "overlap",
            "distance_degrees": 0.0,
            "relevance": 0.902,
            "reason": "锋面候选区与风险区空间重叠，可作为天气学支撑系统"
          },
          {
            "id": "trough_003",
            "system_id": "trough_003",
            "type": "trough",
            "name": "500hPa 槽线",
            "relation": "overlap",
            "distance_degrees": 0.0,
            "relevance": 0.832,
            "reason": "槽线与风险区空间重叠，可作为天气学支撑系统"
          },
          {
            "id": "low_level_jet_001",
            "system_id": "low_level_jet_001",
            "type": "low_level_jet",
            "name": "850hPa 低空急流轴",
            "relation": "nearby",
            "distance_degrees": 3.083,
            "relevance": 0.573,
            "reason": "低空急流位于风险区附近，距离约 3.08°，可作为邻近支撑系统"
          }
        ]
      }
    },
    {
      "type": "Feature",
      "geometry": {
        "type": "Polygon",
        "coordinates": [
          [
            [
              127.75,
              30.25
            ],
            [
              127.75,
              30.75
            ],
            [
              127.05,
              30.75
            ],
            [
              127.05,
              31.25
            ],
            [
              127.05,
              31.75
            ],
            [
              126.35,
              31.75
            ],
            [
              126.35,
              32.25
            ],
            [
              127.05,
              32.25
            ],
            [
              127.75,
              32.25
            ],
            [
              127.75,
              32.75
            ],
            [
              128.45,
              32.75
            ],
            [
              129.15,
              32.75
            ],
            [
              129.15,
              32.25
            ],
            [
              129.15,
              31.75
            ],
            [
              129.15,
              31.25
            ],
            [
              128.45,
              31.25
            ],
            [
              128.45,
              30.75
            ],
            [
              128.45,
              30.25
            ],
            [
              127.75,
              30.25
            ]
          ],
          [
            [
              128.45,
              31.75
            ],
            [
              127.75,
              31.75
            ],
            [
              127.75,
              31.25
            ],
            [
              128.45,
              31.25
            ],
            [
              128.45,
              31.75
            ]
          ]
        ]
      },
      "properties": {
        "id": "hail_risk_003",
        "feature_type": "hail_risk",
        "title": "冰雹风险区",
        "rank": 3,
        "risk_level": "high",
        "zone": "core",
        "confidence": 0.8,
        "point_count": 11,
        "core_point_count": 2,
        "centroid": [
          127.97272727272725,
          31.681818181818183
        ],
        "bbox": [
          126.35,
          30.25,
          129.15,
          32.75
        ],
        "max_value": 0.7222986668648712,
        "mean_value": 0.6725264409338569,
        "score_threshold": 0.58,
        "high_score_threshold": 0.72,
        "dominant_factors": [
          {
            "factor": "shear_0_6km",
            "label": "0-6km 风切变",
            "weight": 0.3,
            "mean_score": 0.92,
            "mean_contribution": 0.276
          },
          {
            "factor": "cape",
            "label": "CAPE",
            "weight": 0.3,
            "mean_score": 0.649,
            "mean_contribution": 0.195
          }
        ],
        "evidence": [
          "冰雹综合评分较高",
          "综合评分最大值 0.72，平均值 0.67",
          "核心区格点 2 个达到 0.72 高潜势阈值",
          "主导因子：0-6km 风切变 0.28、CAPE 0.20",
          "关联天气系统：200hPa 高空辐散区、锋面候选区、850hPa 低层辐合区"
        ],
        "hazard_type": "hail",
        "risk_domain": [
          "severe_convection"
        ],
        "mechanism_tags": [
          "strong_updraft",
          "deep_layer_shear",
          "cold_mid_level"
        ],
        "source_grid": "risk_hail_score",
        "supporting_systems": [
          {
            "id": "upper_divergence_001",
            "system_id": "upper_divergence_001",
            "type": "upper_divergence",
            "name": "200hPa 高空辐散区",
            "relation": "overlap",
            "distance_degrees": 0.0,
            "relevance": 0.965,
            "reason": "高空辐散区与风险区空间重叠，可作为天气学支撑系统"
          },
          {
            "id": "front_candidate_001",
            "system_id": "front_candidate_001",
            "type": "front_candidate",
            "name": "锋面候选区",
            "relation": "overlap",
            "distance_degrees": 0.0,
            "relevance": 0.902,
            "reason": "锋面候选区与风险区空间重叠，可作为天气学支撑系统"
          },
          {
            "id": "low_level_convergence_002",
            "system_id": "low_level_convergence_002",
            "type": "low_level_convergence",
            "name": "850hPa 低层辐合区",
            "relation": "nearby",
            "distance_degrees": 2.865,
            "relevance": 0.785,
            "reason": "低层辐合区位于风险区附近，距离约 2.87°，可作为邻近支撑系统"
          },
          {
            "id": "moisture_transport_001",
            "system_id": "moisture_transport_001",
            "type": "moisture_transport",
            "name": "850hPa 水汽输送带",
            "relation": "overlap",
            "distance_degrees": 0.0,
            "relevance": 0.734,
            "reason": "水汽输送带与风险区空间重叠，可作为天气学支撑系统"
          },
          {
            "id": "low_level_jet_001",
            "system_id": "low_level_jet_001",
            "type": "low_level_jet",
            "name": "850hPa 低空急流轴",
            "relation": "nearby",
            "distance_degrees": 0.95,
            "relevance": 0.733,
            "reason": "低空急流位于风险区附近，距离约 0.95°，可作为邻近支撑系统"
          }
        ]
      }
    },
    {
      "type": "Feature",
      "geometry": {
        "type": "Polygon",
        "coordinates": [
          [
            [
              96.25,
              34.25
            ],
            [
              95.55000000000001,
              34.25
            ],
            [
              94.85,
              34.25
            ],
            [
              94.85,
              34.75
            ],
            [
              95.55000000000001,
              34.75
            ],
            [
              95.55000000000001,
              35.25
            ],
            [
              96.25,
              35.25
            ],
            [
              96.94999999999999,
              35.25
            ],
            [
              96.94999999999999,
              34.75
            ],
            [
              96.94999999999999,
              34.25
            ],
            [
              97.65,
              34.25
            ],
            [
              97.65,
              33.75
            ],
            [
              97.65,
              33.25
            ],
            [
              96.94999999999999,
              33.25
            ],
            [
              96.25,
              33.25
            ],
            [
              96.25,
              33.75
            ],
            [
              96.25,
              34.25
            ]
          ]
        ]
      },
      "properties": {
        "id": "hail_risk_004",
        "feature_type": "hail_risk",
        "title": "冰雹风险区",
        "rank": 4,
        "risk_level": "moderate",
        "zone": "outer",
        "confidence": 0.79,
        "point_count": 9,
        "core_point_count": 0,
        "centroid": [
          96.44444444444444,
          34.27777777777778
        ],
        "bbox": [
          94.85,
          33.25,
          97.65,
          35.25
        ],
        "max_value": 0.6912568080214835,
        "mean_value": 0.6453009583449979,
        "score_threshold": 0.58,
        "high_score_threshold": 0.72,
        "dominant_factors": [
          {
            "factor": "shear_0_6km",
            "label": "0-6km 风切变",
            "weight": 0.3,
            "mean_score": 0.944,
            "mean_contribution": 0.283
          },
          {
            "factor": "cape",
            "label": "CAPE",
            "weight": 0.3,
            "mean_score": 0.561,
            "mean_contribution": 0.168
          }
        ],
        "evidence": [
          "冰雹综合评分较高",
          "综合评分最大值 0.69，平均值 0.65",
          "外围区达到 0.58 中等潜势阈值，未形成高潜势核心",
          "主导因子：0-6km 风切变 0.28、CAPE 0.17",
          "关联天气系统：850hPa 低层辐合区、锋面候选区、200hPa 高空辐散区"
        ],
        "hazard_type": "hail",
        "risk_domain": [
          "severe_convection"
        ],
        "mechanism_tags": [
          "strong_updraft",
          "deep_layer_shear",
          "cold_mid_level"
        ],
        "source_grid": "risk_hail_score",
        "supporting_systems": [
          {
            "id": "low_level_convergence_001",
            "system_id": "low_level_convergence_001",
            "type": "low_level_convergence",
            "name": "850hPa 低层辐合区",
            "relation": "nearby",
            "distance_degrees": 0.5,
            "relevance": 0.962,
            "reason": "低层辐合区位于风险区附近，距离约 0.50°，可作为邻近支撑系统"
          },
          {
            "id": "front_candidate_001",
            "system_id": "front_candidate_001",
            "type": "front_candidate",
            "name": "锋面候选区",
            "relation": "overlap",
            "distance_degrees": 0.0,
            "relevance": 0.902,
            "reason": "锋面候选区与风险区空间重叠，可作为天气学支撑系统"
          },
          {
            "id": "upper_divergence_002",
            "system_id": "upper_divergence_002",
            "type": "upper_divergence",
            "name": "200hPa 高空辐散区",
            "relation": "nearby",
            "distance_degrees": 2.052,
            "relevance": 0.811,
            "reason": "高空辐散区位于风险区附近，距离约 2.05°，可作为邻近支撑系统"
          },
          {
            "id": "moisture_transport_001",
            "system_id": "moisture_transport_001",
            "type": "moisture_transport",
            "name": "850hPa 水汽输送带",
            "relation": "nearby",
            "distance_degrees": 1.882,
            "relevance": 0.593,
            "reason": "水汽输送带位于风险区附近，距离约 1.88°，可作为邻近支撑系统"
          },
          {
            "id": "ridge_002",
            "system_id": "ridge_002",
            "type": "ridge",
            "name": "500hPa 脊线",
            "relation": "overlap",
            "distance_degrees": 0.0,
            "relevance": 0.545,
            "reason": "脊线与风险区空间重叠，可作为天气学支撑系统"
          }
        ]
      }
    },
    {
      "type": "Feature",
      "geometry": {
        "type": "Polygon",
        "coordinates": [
          [
            [
              100.44999999999999,
              28.75
            ],
            [
              99.75,
              28.75
            ],
            [
              99.75,
              29.25
            ],
            [
              100.44999999999999,
              29.25
            ],
            [
              100.44999999999999,
              29.75
            ],
            [
              99.75,
              29.75
            ],
            [
              99.75,
              30.25
            ],
            [
              99.05000000000001,
              30.25
            ],
            [
              98.35,
              30.25
            ],
            [
              98.35,
              29.75
            ],
            [
              97.65,
              29.75
            ],
            [
              97.65,
              30.25
            ],
            [
              97.65,
              30.75
            ],
            [
              98.35,
              30.75
            ],
            [
              98.35,
              31.25
            ],
            [
              97.65,
              31.25
            ],
            [
              97.65,
              31.75
            ],
            [
              98.35,
              31.75
            ],
            [
              98.35,
              32.25
            ],
            [
              99.05000000000001,
              32.25
            ],
            [
              99.05000000000001,
              31.75
            ],
            [
              99.05000000000001,
              31.25
            ],
            [
              99.05000000000001,
              30.75
            ],
            [
              99.75,
              30.75
            ],
            [
              99.75,
              31.25
            ],
            [
              99.75,
              31.75
            ],
            [
              99.75,
              32.25
            ],
            [
              99.75,
              32.75
            ],
            [
              100.44999999999999,
              32.75
            ],
            [
              100.44999999999999,
              32.25
            ],
            [
              101.15,
              32.25
            ],
            [
              101.15,
              32.75
            ],
            [
              101.15,
              33.25
            ],
            [
              101.15,
              33.75
            ],
            [
              101.85,
              33.75
            ],
            [
              101.85,
              33.25
            ],
            [
              102.55,
              33.25
            ],
            [
              102.55,
              33.75
            ],
            [
              103.25,
              33.75
            ],
            [
              103.94999999999999,
              33.75
            ],
            [
              103.94999999999999,
              34.25
            ],
            [
              104.65,
              34.25
            ],
            [
              104.65,
              33.75
            ],
            [
              105.35,
              33.75
            ],
            [
              106.05,
              33.75
            ],
            [
              106.75,
              33.75
            ],
            [
              106.75,
              34.25
            ],
            [
              107.44999999999999,
              34.25
            ],
            [
              107.44999999999999,
              34.75
            ],
            [
              108.15,
              34.75
            ],
            [
              108.15,
              34.25
            ],
            [
              108.85,
              34.25
            ],
            [
              109.55,
              34.25
            ],
            [
              109.55,
              34.75
            ],
            [
              109.55,
              35.25
            ],
            [
              110.25,
              35.25
            ],
            [
              110.25,
              34.75
            ],
            [
              110.94999999999999,
              34.75
            ],
            [
              110.94999999999999,
              35.25
            ],
            [
              110.94999999999999,
              35.75
            ],
            [
              111.65,
              35.75
            ],
            [
              111.65,
              35.25
            ],
            [
              112.35,
              35.25
            ],
            [
              112.35,
              35.75
            ],
            [
              113.05,
              35.75
            ],
            [
              113.75,
              35.75
            ],
            [
              114.44999999999999,
              35.75
            ],
            [
              114.44999999999999,
              36.25
            ],
            [
              115.15,
              36.25
            ],
            [
              115.15,
              36.75
            ],
            [
              115.85,
              36.75
            ],
            [
              116.55,
              36.75
            ],
            [
              116.55,
              37.25
            ],
            [
              117.25,
              37.25
            ],
            [
              117.94999999999999,
              37.25
            ],
            [
              117.94999999999999,
              37.75
            ],
            [
              118.65,
              37.75
            ],
            [
              119.35,
              37.75
            ],
            [
              120.05,
              37.75
            ],
            [
              120.75,
              37.75
            ],
            [
              121.44999999999999,
              37.75
            ],
            [
              122.15,
              37.75
            ],
            [
              122.15,
              37.25
            ],
            [
              122.85,
              37.25
            ],
            [
              122.85,
              36.75
            ],
            [
              123.55,
              36.75
            ],
            [
              123.55,
              36.25
            ],
            [
              123.55,
              35.75
            ],
            [
              124.25,
              35.75
            ],
            [
              124.25,
              35.25
            ],
            [
              124.25,
              34.75
            ],
            [
              124.94999999999999,
              34.75
            ],
            [
              124.94999999999999,
              34.25
            ],
            [
              124.94999999999999,
              33.75
            ],
            [
              125.65,
              33.75
            ],
            [
              125.65,
              33.25
            ],
            [
              126.35,
              33.25
            ],
            [
              126.35,
              32.75
            ],
            [
              125.65,
              32.75
            ],
            [
              125.65,
              32.25
            ],
            [
              125.65,
              31.75
            ],
            [
              124.94999999999999,
              31.75
            ],
            [
              124.25,
              31.75
            ],
            [
              124.25,
              31.25
            ],
            [
              123.55,
              31.25
            ],
            [
              123.55,
              30.75
            ],
            [
              122.85,
              30.75
            ],
            [
              122.15,
              30.75
            ],
            [
              121.44999999999999,
              30.75
            ],
            [
              121.44999999999999,
              30.25
            ],
            [
              121.44999999999999,
              29.75
            ],
            [
              121.44999999999999,
              29.25
            ],
            [
              120.75,
              29.25
            ],
            [
              120.75,
              29.75
            ],
            [
              120.05,
              29.75
            ],
            [
              119.35,
              29.75
            ],
            [
              118.65,
              29.75
            ],
            [
              118.65,
              29.25
            ],
            [
              117.94999999999999,
              29.25
            ],
            [
              117.94999999999999,
              28.75
            ],
            [
              117.25,
              28.75
            ],
            [
              116.55,
              28.75
            ],
            [
              116.55,
              28.25
            ],
            [
              115.85,
              28.25
            ],
            [
              115.85,
              27.75
            ],
            [
              115.15,
              27.75
            ],
            [
              114.44999999999999,
              27.75
            ],
            [
              114.44999999999999,
              27.25
            ],
            [
              113.75,
              27.25
            ],
            [
              113.75,
              26.75
            ],
            [
              114.44999999999999,
              26.75
            ],
            [
              114.44999999999999,
              26.25
            ],
            [
              114.44999999999999,
              25.75
            ],
            [
              113.75,
              25.75
            ],
            [
              113.75,
              26.25
            ],
            [
              113.05,
              26.25
            ],
            [
              113.05,
              26.75
            ],
            [
              112.35,
              26.75
            ],
            [
              111.65,
              26.75
            ],
            [
              111.65,
              26.25
            ],
            [
              110.94999999999999,
              26.25
            ],
            [
              110.25,
              26.25
            ],
            [
              110.25,
              26.75
            ],
            [
              109.55,
              26.75
            ],
            [
              108.85,
              26.75
            ],
            [
              108.15,
              26.75
            ],
            [
              108.15,
              27.25
            ],
            [
              107.44999999999999,
              27.25
            ],
            [
              106.75,
              27.25
            ],
            [
              106.05,
              27.25
            ],
            [
              106.05,
              26.75
            ],
            [
              106.05,
              26.25
            ],
            [
              105.35,
              26.25
            ],
            [
              104.65,
              26.25
            ],
            [
              104.65,
              26.75
            ],
            [
              104.65,
              27.25
            ],
            [
              104.65,
              27.75
            ],
            [
              103.94999999999999,
              27.75
            ],
            [
              103.25,
              27.75
            ],
            [
              102.55,
              27.75
            ],
            [
              101.85,
              27.75
            ],
            [
              101.85,
              28.25
            ],
            [
              101.15,
              28.25
            ],
            [
              100.44999999999999,
              28.25
            ],
            [
              100.44999999999999,
              28.75
            ]
          ],
          [
            [
              123.55,
              34.75
            ],
            [
              123.55,
              34.25
            ],
            [
              124.25,
              34.25
            ],
            [
              124.25,
              34.75
            ],
            [
              123.55,
              34.75
            ]
          ],
          [
            [
              115.85,
              28.75
            ],
            [
              115.85,
              29.25
            ],
            [
              115.15,
              29.25
            ],
            [
              115.15,
              28.75
            ],
            [
              115.15,
              28.25
            ],
            [
              115.85,
              28.25
            ],
            [
              115.85,
              28.75
            ]
          ],
          [
            [
              113.75,
              27.75
            ],
            [
              113.75,
              28.25
            ],
            [
              113.05,
              28.25
            ],
            [
              113.05,
              27.75
            ],
            [
              112.35,
              27.75
            ],
            [
              112.35,
              27.25
            ],
            [
              113.05,
              27.25
            ],
            [
              113.75,
              27.25
            ],
            [
              113.75,
              27.75
            ]
          ],
          [
            [
              111.65,
              27.25
            ],
            [
              110.94999999999999,
              27.25
            ],
            [
              110.94999999999999,
              26.75
            ],
            [
              111.65,
              26.75
            ],
            [
              111.65,
              27.25
            ]
          ],
          [
            [
              116.55,
              30.75
            ],
            [
              115.85,
              30.75
            ],
            [
              115.85,
              30.25
            ],
            [
              115.85,
              29.75
            ],
            [
              116.55,
              29.75
            ],
            [
              116.55,
              29.25
            ],
            [
              117.25,
              29.25
            ],
            [
              117.25,
              29.75
            ],
            [
              117.94999999999999,
              29.75
            ],
            [
              117.94999999999999,
              30.25
            ],
            [
              118.65,
              30.25
            ],
            [
              118.65,
              30.75
            ],
            [
              117.94999999999999,
              30.75
            ],
            [
              117.25,
              30.75
            ],
            [
              116.55,
              30.75
            ]
          ],
          [
            [
              114.44999999999999,
              29.75
            ],
            [
              115.15,
              29.75
            ],
            [
              115.15,
              30.25
            ],
            [
              115.15,
              30.75
            ],
            [
              114.44999999999999,
              30.75
            ],
            [
              114.44999999999999,
              30.25
            ],
            [
              114.44999999999999,
              29.75
            ]
          ],
          [
            [
              120.75,
              30.75
            ],
            [
              120.05,
              30.75
            ],
            [
              120.05,
              30.25
            ],
            [
              120.75,
              30.25
            ],
            [
              120.75,
              30.75
            ]
          ]
        ]
      },
      "properties": {
        "id": "severe_convection_composite_risk_001",
        "feature_type": "severe_convection_composite_risk",
        "title": "强对流综合风险风险区",
        "rank": 1,
        "risk_level": "high",
        "zone": "core",
        "confidence": 0.85,
        "point_count": 519,
        "core_point_count": 259,
        "centroid": [
          112.51522157996145,
          31.88150289017341
        ],
        "bbox": [
          97.65,
          25.75,
          126.35,
          37.75
        ],
        "max_value": 0.8571428571428572,
        "mean_value": 0.718699636890178,
        "score_threshold": 0.6,
        "high_score_threshold": 0.72,
        "dominant_factors": [],
        "evidence": [
          "强对流综合风险综合评分较高",
          "综合评分最大值 0.86，平均值 0.72",
          "核心区格点 259 个达到 0.72 高潜势阈值",
          "关联天气系统：850hPa 低层辐合区、200hPa 高空辐散区、锋面候选区"
        ],
        "hazard_type": "severe_convection_composite",
        "risk_domain": [
          "severe_convection"
        ],
        "mechanism_tags": [
          "composite"
        ],
        "source_grid": "risk_severe_convection_composite_score",
        "supporting_systems": [
          {
            "id": "low_level_convergence_001",
            "system_id": "low_level_convergence_001",
            "type": "low_level_convergence",
            "name": "850hPa 低层辐合区",
            "relation": "overlap",
            "distance_degrees": 0.0,
            "relevance": 1.0,
            "reason": "低层辐合区与风险区空间重叠，可作为天气学支撑系统"
          },
          {
            "id": "upper_divergence_001",
            "system_id": "upper_divergence_001",
            "type": "upper_divergence",
            "name": "200hPa 高空辐散区",
            "relation": "overlap",
            "distance_degrees": 0.0,
            "relevance": 0.965,
            "reason": "高空辐散区与风险区空间重叠，可作为天气学支撑系统"
          },
          {
            "id": "front_candidate_001",
            "system_id": "front_candidate_001",
            "type": "front_candidate",
            "name": "锋面候选区",
            "relation": "overlap",
            "distance_degrees": 0.0,
            "relevance": 0.902,
            "reason": "锋面候选区与风险区空间重叠，可作为天气学支撑系统"
          },
          {
            "id": "trough_003",
            "system_id": "trough_003",
            "type": "trough",
            "name": "500hPa 槽线",
            "relation": "overlap",
            "distance_degrees": 0.0,
            "relevance": 0.832,
            "reason": "槽线与风险区空间重叠，可作为天气学支撑系统"
          },
          {
            "id": "low_level_jet_001",
            "system_id": "low_level_jet_001",
            "type": "low_level_jet",
            "name": "850hPa 低空急流轴",
            "relation": "overlap",
            "distance_degrees": 0.0,
            "relevance": 0.804,
            "reason": "低空急流与风险区空间重叠，可作为天气学支撑系统"
          }
        ]
      }
    },
    {
      "type": "Feature",
      "geometry": {
        "type": "Polygon",
        "coordinates": [
          [
            [
              127.75,
              30.25
            ],
            [
              127.75,
              30.75
            ],
            [
              127.05,
              30.75
            ],
            [
              127.05,
              31.25
            ],
            [
              127.05,
              31.75
            ],
            [
              126.35,
              31.75
            ],
            [
              126.35,
              32.25
            ],
            [
              127.05,
              32.25
            ],
            [
              127.75,
              32.25
            ],
            [
              127.75,
              32.75
            ],
            [
              128.45,
              32.75
            ],
            [
              129.15,
              32.75
            ],
            [
              129.15,
              32.25
            ],
            [
              129.15,
              31.75
            ],
            [
              129.15,
              31.25
            ],
            [
              128.45,
              31.25
            ],
            [
              128.45,
              30.75
            ],
            [
              128.45,
              30.25
            ],
            [
              127.75,
              30.25
            ]
          ],
          [
            [
              128.45,
              31.75
            ],
            [
              127.75,
              31.75
            ],
            [
              127.75,
              31.25
            ],
            [
              128.45,
              31.25
            ],
            [
              128.45,
              31.75
            ]
          ]
        ]
      },
      "properties": {
        "id": "severe_convection_composite_risk_002",
        "feature_type": "severe_convection_composite_risk",
        "title": "强对流综合风险风险区",
        "rank": 2,
        "risk_level": "high",
        "zone": "core",
        "confidence": 0.8,
        "point_count": 11,
        "core_point_count": 2,
        "centroid": [
          127.97272727272725,
          31.681818181818183
        ],
        "bbox": [
          126.35,
          30.25,
          129.15,
          32.75
        ],
        "max_value": 0.7222986668648712,
        "mean_value": 0.6725264409338569,
        "score_threshold": 0.6,
        "high_score_threshold": 0.72,
        "dominant_factors": [],
        "evidence": [
          "强对流综合风险综合评分较高",
          "综合评分最大值 0.72，平均值 0.67",
          "核心区格点 2 个达到 0.72 高潜势阈值",
          "关联天气系统：200hPa 高空辐散区、锋面候选区、850hPa 低层辐合区"
        ],
        "hazard_type": "severe_convection_composite",
        "risk_domain": [
          "severe_convection"
        ],
        "mechanism_tags": [
          "composite"
        ],
        "source_grid": "risk_severe_convection_composite_score",
        "supporting_systems": [
          {
            "id": "upper_divergence_001",
            "system_id": "upper_divergence_001",
            "type": "upper_divergence",
            "name": "200hPa 高空辐散区",
            "relation": "overlap",
            "distance_degrees": 0.0,
            "relevance": 0.965,
            "reason": "高空辐散区与风险区空间重叠，可作为天气学支撑系统"
          },
          {
            "id": "front_candidate_001",
            "system_id": "front_candidate_001",
            "type": "front_candidate",
            "name": "锋面候选区",
            "relation": "overlap",
            "distance_degrees": 0.0,
            "relevance": 0.902,
            "reason": "锋面候选区与风险区空间重叠，可作为天气学支撑系统"
          },
          {
            "id": "low_level_convergence_002",
            "system_id": "low_level_convergence_002",
            "type": "low_level_convergence",
            "name": "850hPa 低层辐合区",
            "relation": "nearby",
            "distance_degrees": 2.865,
            "relevance": 0.785,
            "reason": "低层辐合区位于风险区附近，距离约 2.87°，可作为邻近支撑系统"
          },
          {
            "id": "moisture_transport_001",
            "system_id": "moisture_transport_001",
            "type": "moisture_transport",
            "name": "850hPa 水汽输送带",
            "relation": "overlap",
            "distance_degrees": 0.0,
            "relevance": 0.734,
            "reason": "水汽输送带与风险区空间重叠，可作为天气学支撑系统"
          },
          {
            "id": "low_level_jet_001",
            "system_id": "low_level_jet_001",
            "type": "low_level_jet",
            "name": "850hPa 低空急流轴",
            "relation": "nearby",
            "distance_degrees": 0.95,
            "relevance": 0.733,
            "reason": "低空急流位于风险区附近，距离约 0.95°，可作为邻近支撑系统"
          }
        ]
      }
    }
  ]
}